date,year,action,ticker,company,index_name,reason
"May 18, 2026",2026,added,SN,SharkNinja,SP400MidCap,Market capitalization change.
"May 18, 2026",2026,removed,FLO,Flowers Foods,SP400MidCap,Market capitalization change.
"April 9, 2026",2026,added,DOCN,DigitalOcean,SP400MidCap,Market capitalization change.
"April 9, 2026",2026,removed,CASY,Casey's,SP400MidCap,Market capitalization change.
"March 23, 2026",2026,added,SOLS,Solstice Advanced Materials,SP400MidCap,Market capitalization change.
"March 23, 2026",2026,removed,LITE,Lumentum,SP400MidCap,Market capitalization change.
"March 23, 2026",2026,added,SITM,SiTime,SP400MidCap,Market capitalization change.
"March 23, 2026",2026,removed,COHR,Coherent Corp.,SP400MidCap,Market capitalization change.
"March 23, 2026",2026,added,MOG.A,Moog Inc.,SP400MidCap,Market capitalization change.
"March 23, 2026",2026,removed,SATS,EchoStar,SP400MidCap,Market capitalization change.
"March 23, 2026",2026,added,IDCC,InterDigital,SP400MidCap,Market capitalization change.
"March 23, 2026",2026,removed,GTM,ZoomInfo,SP400MidCap,Market capitalization change.
"March 23, 2026",2026,added,VICR,Vicor Corporation,SP400MidCap,Market capitalization change.
"March 23, 2026",2026,removed,ASGN,ASGN Inc.,SP400MidCap,Market capitalization change.
"March 23, 2026",2026,added,CTRE,CareTrust REIT,SP400MidCap,Market capitalization change.
"March 23, 2026",2026,removed,KMPR,Kemper Corporation,SP400MidCap,Market capitalization change.
"February 9, 2026",2026,added,ARWR,Arrowhead Pharmaceuticals,SP400MidCap,Market capitalization change.
"February 9, 2026",2026,removed,CIEN,Ciena,SP400MidCap,Market capitalization change.
"February 2, 2026",2026,added,BROS,Dutch Bros Inc.,SP400MidCap,S&P MidCap 400 constituent Rayonier Inc. acquired PotlatchDeltic.
"February 2, 2026",2026,removed,PCH,PotlatchDeltic,SP400MidCap,S&P MidCap 400 constituent Rayonier Inc. acquired PotlatchDeltic.
"February 2, 2026",2026,added,AEIS,Advanced Energy,SP400MidCap,S&P 500 constituent Fifth Third Bancorp acquired Comerica.
"February 2, 2026",2026,removed,CMA,Comerica,SP400MidCap,S&P 500 constituent Fifth Third Bancorp acquired Comerica.
"February 2, 2026",2026,added,AHR,American Healthcare REIT,SP400MidCap,S&P 500 constituent Huntington Bancshares Inc. acquired Cadence Bank.
"February 2, 2026",2026,removed,CADE,Cadence Bank,SP400MidCap,S&P 500 constituent Huntington Bancshares Inc. acquired Cadence Bank.
"January 30, 2026",2026,added,TTMI,TTM Technologies,SP400MidCap,S&P SmallCap 600 constituent SM Energy Company acquired Civitas Resources.
"January 30, 2026",2026,removed,CIVI,Civitas Resources,SP400MidCap,S&P SmallCap 600 constituent SM Energy Company acquired Civitas Resources.
"January 22, 2026",2026,added,SARO,StandardAero,SP400MidCap,S&P 500 & S&P 100 constituent Verizon Communications Inc. acquired Frontier Communications Parent.
"January 22, 2026",2026,removed,FYBR,Frontier Communications,SP400MidCap,S&P 500 & S&P 100 constituent Verizon Communications Inc. acquired Frontier Communications Parent.
"January 2, 2026",2026,added,PATH,UiPath,SP400MidCap,S&P MidCap 400 constituent Pinnacle Financial Partners Inc. acquired Synovus Financial Corp.
"January 2, 2026",2026,removed,SNV,Synovus,SP400MidCap,S&P MidCap 400 constituent Pinnacle Financial Partners Inc. acquired Synovus Financial Corp.
"December 22, 2025",2025,added,ULS,UL Solutions,SP400MidCap,Market capitalization change.
"December 22, 2025",2025,removed,FIX,Comfort Systems USA,SP400MidCap,Market capitalization change.
"December 22, 2025",2025,added,PINS,Pinterest,SP400MidCap,Market capitalization change.
"December 22, 2025",2025,added,BAH,Booz Allen Hamilton,SP400MidCap,Market capitalization change.
"December 22, 2025",2025,removed,POWI,Power Integrations,SP400MidCap,Market capitalization change.
"December 22, 2025",2025,added,SPXC,SPX Technologies,SP400MidCap,Market capitalization change.
"December 22, 2025",2025,removed,PRGO,Perrigo,SP400MidCap,Market capitalization change.
"December 22, 2025",2025,added,DY,Dycom Industries,SP400MidCap,Market capitalization change.
"December 22, 2025",2025,removed,IRDM,Iridium Communications,SP400MidCap,Market capitalization change.
"December 22, 2025",2025,added,BWA,BorgWarner,SP400MidCap,Market capitalization change.
"December 22, 2025",2025,removed,VAC,Marriott Vacations Worldwide,SP400MidCap,Market capitalization change.
"December 22, 2025",2025,added,HL,Hecla Mining,SP400MidCap,Market capitalization change.
"December 22, 2025",2025,removed,NSP,Insperity,SP400MidCap,Market capitalization change.
"December 17, 2025",2025,added,CRBG,Corebridge Financial,SP400MidCap,Canada Pension Plan Investment Board and Global Infrastructure Partners acquired Allete.
"December 17, 2025",2025,removed,ALE,"Allete, Inc.",SP400MidCap,Canada Pension Plan Investment Board and Global Infrastructure Partners acquired Allete.
"November 13, 2025",2025,added,STRL,Sterling Infrastructure,SP400MidCap,Light & Wonder delisted from the NASDAQ Stock Exchange but kept its primary listing exclusively in Australia.
"November 13, 2025",2025,removed,LNW,Light & Wonder,SP400MidCap,Light & Wonder delisted from the NASDAQ Stock Exchange but kept its primary listing exclusively in Australia.
"October 6, 2025",2025,added,BSY,Bentley Systems,SP400MidCap,Market capitalization change.
"October 6, 2025",2025,removed,WU,Western Union,SP400MidCap,Market capitalization change.
"September 22, 2025",2025,added,KTOS,Kratos Defense & Security Solutions,SP400MidCap,Market capitalization change.
"September 22, 2025",2025,removed,MAN,ManpowerGroup,SP400MidCap,Market capitalization change.
"September 22, 2025",2025,added,MP,MP Materials,SP400MidCap,Market capitalization change.
"September 22, 2025",2025,removed,ACHC,Acadia Healthcare,SP400MidCap,Market capitalization change.
"September 22, 2025",2025,added,TRU,TransUnion,SP400MidCap,Market capitalization change.
"September 22, 2025",2025,removed,WEN,Wendy's,SP400MidCap,Market capitalization change.
"September 22, 2025",2025,added,NTNX,Nutanix,SP400MidCap,Market capitalization change.
"September 22, 2025",2025,removed,EME,Emcor,SP400MidCap,Market capitalization change.
"September 12, 2025",2025,added,FTI,TechnipFMC,SP400MidCap,3G Capital acquired Skechers USA.
"September 12, 2025",2025,removed,SKX,Skechers,SP400MidCap,3G Capital acquired Skechers USA.
"September 2, 2025",2025,added,ELAN,Elanco,SP400MidCap,Market capitalization change.
"September 2, 2025",2025,removed,SRPT,Sarepta Therapeutics,SP400MidCap,Market capitalization change.
"August 28, 2025",2025,added,TLN,Talen Energy,SP400MidCap,Market capitalization change.
"August 28, 2025",2025,removed,IBKR,Interactive Brokers,SP400MidCap,Market capitalization change.
"August 19, 2025",2025,added,TWLO,Twilio,SP400MidCap,S&P 500 and S&P 100 constituent UnitedHealth Group acquired Amedisys.
"August 19, 2025",2025,removed,AMED,Amedisys,SP400MidCap,S&P 500 and S&P 100 constituent UnitedHealth Group acquired Amedisys.
"July 18, 2025",2025,added,AVAV,AeroVironment,SP400MidCap,S&P 500 constituent Schlumberger Ltd. acquired ChampionX.
"July 18, 2025",2025,removed,CHX,ChampionX,SP400MidCap,S&P 500 constituent Schlumberger Ltd. acquired ChampionX.
"June 24, 2025",2025,added,APG,APi Group,SP400MidCap,Nippon Steel Corp. acquired United States Steel.
"June 24, 2025",2025,removed,X,U.S. Steel,SP400MidCap,Nippon Steel Corp. acquired United States Steel.
"May 22, 2025",2025,added,PEGA,Pegasystems,SP400MidCap,The Nordstrom family and El Puerto de Liverpool acquired Nordstrom.
"May 22, 2025",2025,removed,JWN,Nordstrom,SP400MidCap,The Nordstrom family and El Puerto de Liverpool acquired Nordstrom.
"May 1, 2025",2025,added,OKTA,"Okta, Inc.",SP400MidCap,S&P 500 constituent Amcor plc acquired Berry Global Group.
"May 1, 2025",2025,removed,BERY,Berry Global,SP400MidCap,S&P 500 constituent Amcor plc acquired Berry Global Group.
"March 31, 2025",2025,added,CAVA,Cava Group,SP400MidCap,Siemens AG acquired Altair Engineering.
"March 31, 2025",2025,removed,ALTR,Altair Engineering,SP400MidCap,Siemens AG acquired Altair Engineering.
"March 24, 2025",2025,added,VFC,VF Corporation,SP400MidCap,Market capitalization change.
"March 24, 2025",2025,removed,TKO,TKO Group Holdings,SP400MidCap,Market capitalization change.
"March 24, 2025",2025,added,ALK,Alaska Air Group,SP400MidCap,Market capitalization change.
"March 24, 2025",2025,removed,WSM,"Williams-Sonoma, Inc.",SP400MidCap,Market capitalization change.
"March 24, 2025",2025,added,HIMS,Hims & Hers Health,SP400MidCap,Market capitalization change.
"March 24, 2025",2025,removed,EXE,Expand Energy,SP400MidCap,Market capitalization change.
"March 24, 2025",2025,added,BBWI,"Bath & Body Works, Inc.",SP400MidCap,Market capitalization change.
"March 24, 2025",2025,removed,CC,Chemours,SP400MidCap,Market capitalization change.
"March 24, 2025",2025,added,ATI,ATI Inc.,SP400MidCap,Market capitalization change.
"March 24, 2025",2025,removed,TDC,Teradata,SP400MidCap,Market capitalization change.
"March 24, 2025",2025,added,SATS,EchoStar,SP400MidCap,Market capitalization change.
"March 24, 2025",2025,removed,NEOG,Neogen,SP400MidCap,Market capitalization change.
"March 11, 2025",2025,added,ACI,Albertsons,SP400MidCap,S&P 500 constituent Emerson Electric acquired Aspen Technology.
"March 11, 2025",2025,removed,AZPN,Aspen Technology,SP400MidCap,S&P 500 constituent Emerson Electric acquired Aspen Technology.
"March 6, 2025",2025,added,ENTG,Entegris,SP400MidCap,Rio Tinto acquired Arcadium Lithium.
"March 6, 2025",2025,removed,ALTM,Arcadium Lithium,SP400MidCap,Rio Tinto acquired Arcadium Lithium.
"January 27, 2025",2025,added,GWRE,Guidewire Software,SP400MidCap,Market capitalization change.
"January 27, 2025",2025,removed,ARWR,Arrowhead Pharmaceuticals,SP400MidCap,Market capitalization change.
"January 14, 2025",2025,added,CART,Maplebear Inc.,SP400MidCap,Market capitalization change.
"January 14, 2025",2025,removed,ENOV,Enovis,SP400MidCap,Market capitalization change.
"December 23, 2024",2024,added,CMA,Comerica,SP400MidCap,Market capitalization change.
"December 23, 2024",2024,removed,VSH,Vishay Intertechnology,SP400MidCap,Market capitalization change.
"December 23, 2024",2024,added,CRS,Carpenter Technology,SP400MidCap,Market capitalization change.
"December 23, 2024",2024,removed,CRI,Carter's,SP400MidCap,Market capitalization change.
"December 23, 2024",2024,added,BILL,BILL Holdings,SP400MidCap,Market capitalization change.
"December 23, 2024",2024,removed,LII,Lennox International,SP400MidCap,Market capitalization change.
"November 26, 2024",2024,added,MLI,Mueller Industries,SP400MidCap,Market capitalization change.
"November 26, 2024",2024,removed,TPL,Texas Pacific Land Corporation,SP400MidCap,Market capitalization change.
"November 25, 2024",2024,added,FLEX,Flex Ltd.,SP400MidCap,Market capitalization change.
"November 25, 2024",2024,removed,AZTA,Azenta,SP400MidCap,Market capitalization change.
"November 20, 2024",2024,added,FOUR,Shift4,SP400MidCap,"TowerBrook Capital Partners and Clayton, Dubilier & Rice acquired R1 RCM."
"November 20, 2024",2024,removed,RCM,R1 RCM,SP400MidCap,"TowerBrook Capital Partners and Clayton, Dubilier & Rice acquired R1 RCM."
"November 6, 2024",2024,added,CHWY,Chewy,SP400MidCap,"S&P 500 constituent Waste Management, Inc. acquired Stericycle."
"November 6, 2024",2024,removed,SRCL,Stericycle,SP400MidCap,"S&P 500 constituent Waste Management, Inc. acquired Stericycle."
"October 11, 2024",2024,added,DOCU,Docusign,SP400MidCap,Market capitalization change.
"October 11, 2024",2024,removed,MDU,MDU Resources,SP400MidCap,Market capitalization change.
"October 1, 2024",2024,added,ENSG,Ensign Group,SP400MidCap,S&P MidCap 400 constituent Chesapeake Energy Corp. acquired Southwestern Energy. The combined company renamed to Expand Energy Corporation.
"October 1, 2024",2024,removed,SWN,Southwestern Energy,SP400MidCap,S&P MidCap 400 constituent Chesapeake Energy Corp. acquired Southwestern Energy. The combined company renamed to Expand Energy Corporation.
"September 23, 2024",2024,added,BIO,Bio-Rad Laboratories,SP400MidCap,Market capitalization change.
"September 23, 2024",2024,removed,ERIE,Erie Indemnity,SP400MidCap,Market capitalization change.
"September 23, 2024",2024,added,CNH,CNH Industrial,SP400MidCap,Market capitalization change.
"September 23, 2024",2024,removed,MP,MP Materials,SP400MidCap,Market capitalization change.
"September 23, 2024",2024,added,WAL,Western Alliance Bancorporation,SP400MidCap,Market capitalization change.
"September 23, 2024",2024,removed,PGNY,Progyny,SP400MidCap,Market capitalization change.
"September 23, 2024",2024,added,PSN,Parsons Corporation,SP400MidCap,Market capitalization change.
"September 23, 2024",2024,removed,ADNT,Adient,SP400MidCap,Market capitalization change.
"September 23, 2024",2024,added,HLNE,Hamilton Lane,SP400MidCap,Market capitalization change.
"September 23, 2024",2024,removed,WOLF,Wolfspeed,SP400MidCap,Market capitalization change.
"September 23, 2024",2024,added,VNOM,Viper Energy,SP400MidCap,Market capitalization change.
"September 23, 2024",2024,removed,HELE,Helen of Troy Limited,SP400MidCap,Market capitalization change.
"September 23, 2024",2024,added,FN,Fabrinet,SP400MidCap,Market capitalization change.
"September 23, 2024",2024,removed,ZD,Ziff Davis,SP400MidCap,Market capitalization change.
"September 23, 2024",2024,added,AAL,American Airlines Group,SP400MidCap,Market capitalization change.
"September 23, 2024",2024,removed,TGNA,Tegna Inc.,SP400MidCap,Market capitalization change.
"July 26, 2024",2024,added,AVTR,Avantor,SP400MidCap,Market capitalization change.
"July 26, 2024",2024,removed,QDEL,QuidelOrtho,SP400MidCap,Market capitalization change.
"July 22, 2024",2024,added,ANF,Abercrombie & Fitch,SP400MidCap,S&P 500 constituent EQT Corporation acquired Equitrans Midstream.
"July 22, 2024",2024,removed,ETRN,Equitrans Midstream,SP400MidCap,S&P 500 constituent EQT Corporation acquired Equitrans Midstream.
"June 28, 2024",2024,added,RYAN,Ryan Specialty,SP400MidCap,Blackstone Inc. acquired Apartment Income REIT.
"June 28, 2024",2024,removed,AIRC,Apartment Income REIT,SP400MidCap,Blackstone Inc. acquired Apartment Income REIT.
"June 24, 2024",2024,added,TPL,Texas Pacific Land Corporation,SP400MidCap,Market capitalization change.
"June 24, 2024",2024,removed,WERN,Werner Enterprises,SP400MidCap,Market capitalization change.
"June 24, 2024",2024,added,BMRN,BioMarin Pharmaceutical,SP400MidCap,Market capitalization change.
"June 24, 2024",2024,removed,IART,Integra LifeSciences,SP400MidCap,Market capitalization change.
"June 24, 2024",2024,added,WMG,Warner Music Group,SP400MidCap,Market capitalization change.
"June 24, 2024",2024,removed,PENN,Penn Entertainment,SP400MidCap,Market capitalization change.
"June 24, 2024",2024,added,NXT,Nextracker,SP400MidCap,Market capitalization change.
"June 24, 2024",2024,removed,GO,Grocery Outlet,SP400MidCap,Market capitalization change.
"June 24, 2024",2024,added,ALTR,Altair Engineering,SP400MidCap,Market capitalization change.
"June 24, 2024",2024,removed,LEG,Leggett & Platt,SP400MidCap,Market capitalization change.
"June 24, 2024",2024,added,RBA,RB Global,SP400MidCap,Market capitalization change.
"June 24, 2024",2024,removed,HTZ,Hertz,SP400MidCap,Market capitalization change.
"June 24, 2024",2024,added,ILMN,"Illumina, Inc.",SP400MidCap,Market capitalization change.
"June 24, 2024",2024,removed,GDDY,GoDaddy,SP400MidCap,Market capitalization change.
"June 3, 2024",2024,added,SRPT,Sarepta Therapeutics,SP400MidCap,S&P 500 constituent Johnson & Johnson acquired Shockwave Medical.
"June 3, 2024",2024,removed,SWAV,Shockwave Medical,SP400MidCap,S&P 500 constituent Johnson & Johnson acquired Shockwave Medical.
"May 3, 2024",2024,added,AAON,AAON,SP400MidCap,Market capitalization change.
"May 3, 2024",2024,removed,VST,Vistra,SP400MidCap,Market capitalization change.
"April 22, 2024",2024,added,DUOL,Duolingo,SP400MidCap,Market capitalization change.
"April 22, 2024",2024,removed,CABO,Cable One,SP400MidCap,Market capitalization change.
"April 3, 2024",2024,added,XRAY,Dentsply Sirona,SP400MidCap,Market capitalization change.
"April 3, 2024",2024,removed,FOXF,Fox Factory,SP400MidCap,Market capitalization change.
"April 1, 2024",2024,added,ROIV,Roivant Sciences,SP400MidCap,Market capitalization change.
"April 1, 2024",2024,removed,RUN,Sunrun,SP400MidCap,Market capitalization change.
"April 1, 2024",2024,added,APPF,AppFolio,SP400MidCap,Market capitalization change.
"April 1, 2024",2024,removed,NARI,Inari Medical,SP400MidCap,Market capitalization change.
"March 18, 2024",2024,added,WHR,Whirlpool,SP400MidCap,Market capitalization change.
"March 18, 2024",2024,removed,SMCI,Supermicro,SP400MidCap,Market capitalization change.
"March 18, 2024",2024,added,ZION,Zions Bancorporation,SP400MidCap,Market capitalization change.
"March 18, 2024",2024,removed,DECK,Deckers Brands,SP400MidCap,Market capitalization change.
"March 18, 2024",2024,added,CYTK,Cytokinetics,SP400MidCap,Market capitalization change.
"March 18, 2024",2024,removed,CALX,Calix,SP400MidCap,Market capitalization change.
"March 18, 2024",2024,added,AIT,Applied Industrial Technologies,SP400MidCap,Market capitalization change.
"March 18, 2024",2024,removed,MPW,Medical Properties Trust,SP400MidCap,Market capitalization change.
"March 1, 2024",2024,added,AMH,American Homes 4 Rent,SP400MidCap,S&P 500 constituent Healthpeak Properties acquired Physicians Realty Trust.
"March 1, 2024",2024,removed,DOC,Physicians Realty Trust,SP400MidCap,S&P 500 constituent Healthpeak Properties acquired Physicians Realty Trust.
"January 23, 2024",2024,added,ELF,e.l.f. Beauty,SP400MidCap,S&P 500 constituent Realty Income acquired Spirit Realty Capital.
"January 23, 2024",2024,removed,SRC,Spirit Realty,SP400MidCap,S&P 500 constituent Realty Income acquired Spirit Realty Capital.
"January 5, 2024",2024,added,PSTG,Pure Storage,SP400MidCap,Market capitalization change.
"January 5, 2024",2024,removed,PDCO,Patterson Companies,SP400MidCap,Market capitalization change.
"January 2, 2024",2024,added,ALTM,Arcadium Lithium,SP400MidCap,Market capitalization change.
"January 2, 2024",2024,removed,VYX,NCR Voyix,SP400MidCap,Market capitalization change.
"December 18, 2023",2023,added,RMBS,Rambus,SP400MidCap,Market capitalization change.
"December 18, 2023",2023,removed,JBL,Jabil,SP400MidCap,Market capitalization change.
"December 18, 2023",2023,added,FIX,Comfort Systems USA,SP400MidCap,Market capitalization change.
"December 18, 2023",2023,removed,BLDR,Builders FirstSource,SP400MidCap,Market capitalization change.
"December 18, 2023",2023,added,HLI,Houlihan Lokey,SP400MidCap,Market capitalization change.
"December 18, 2023",2023,removed,MODG,Topgolf Callaway Brands,SP400MidCap,Market capitalization change.
"December 18, 2023",2023,added,EQH,Equitable Holdings,SP400MidCap,Market capitalization change.
"December 18, 2023",2023,removed,VSTS,Vestis,SP400MidCap,Market capitalization change.
"November 30, 2023",2023,added,CG,Carlyle Group,SP400MidCap,Market capitalization change.
"November 30, 2023",2023,removed,ICUI,ICU Medical,SP400MidCap,Market capitalization change.
"November 30, 2023",2023,added,WPC,W. P. Carey,SP400MidCap,Market capitalization change.
"November 30, 2023",2023,removed,WOR,Worthington Industries,SP400MidCap,Market capitalization change.
"November 13, 2023",2023,added,CNM,Core & Main,SP400MidCap,Market capitalization change.
"November 13, 2023",2023,removed,ACIW,ACI Worldwide,SP400MidCap,Market capitalization change.
"November 7, 2023",2023,added,BURL,Burlington Stores,SP400MidCap,Market capitalization change.
"November 7, 2023",2023,removed,ENV,Envestnet,SP400MidCap,Market capitalization change.
"October 20, 2023",2023,added,FND,Floor & Decor,SP400MidCap,Market capitalization change.
"October 20, 2023",2023,removed,VICR,Vicor,SP400MidCap,Market capitalization change.
"October 18, 2023",2023,added,ONTO,Onto Innovation,SP400MidCap,Market capitalization change.
"October 18, 2023",2023,removed,HUBB,Hubbell Incorporated,SP400MidCap,Market capitalization change.
"October 12, 2023",2023,added,H,Hyatt,SP400MidCap,S&P 500 constituent Emerson Electric acquired National Instruments.
"October 12, 2023",2023,removed,NATI,National Instruments,SP400MidCap,S&P 500 constituent Emerson Electric acquired National Instruments.
"October 3, 2023",2023,removed,KSS,Kohl's,SP400MidCap,Market capitalization change.
"October 2, 2023",2023,added,VSTS,Vestis,SP400MidCap,S&P MidCap 400 constituent Aramark spun off Vestis.
"September 29, 2023",2023,added,CIVI,Civitas Resources,SP400MidCap,Elliott Investment Management acquired Syneos Health.
"September 29, 2023",2023,removed,SYNH,Syneos Health,SP400MidCap,Elliott Investment Management acquired Syneos Health.
"September 18, 2023",2023,added,RBC,RBC Bearings,SP400MidCap,Market capitalization change.
"September 18, 2023",2023,removed,HE,Hawaiian Electric Industries,SP400MidCap,Market capitalization change.
"September 18, 2023",2023,added,FNF,Fidelity National Financial,SP400MidCap,Market capitalization change.
"September 18, 2023",2023,removed,FL,Foot Locker,SP400MidCap,Market capitalization change.
"September 18, 2023",2023,added,WFRD,Weatherford International,SP400MidCap,Market capitalization change.
"September 18, 2023",2023,removed,JBLU,JetBlue,SP400MidCap,Market capitalization change.
"September 18, 2023",2023,added,ST,Sensata Technologies,SP400MidCap,Market capitalization change.
"September 18, 2023",2023,removed,TRIP,Tripadvisor,SP400MidCap,Market capitalization change.
"September 18, 2023",2023,added,MTN,Vail Resorts,SP400MidCap,Market capitalization change.
"September 18, 2023",2023,removed,HIW,Highwoods Properties,SP400MidCap,Market capitalization change.
"September 18, 2023",2023,added,VST,Vistra Corp,SP400MidCap,Market capitalization change.
"September 18, 2023",2023,removed,XRX,Xerox,SP400MidCap,Market capitalization change.
"September 18, 2023",2023,added,ALLY,Ally Financial,SP400MidCap,Market capitalization change.
"September 18, 2023",2023,removed,ENR,Energizer,SP400MidCap,Market capitalization change.
"September 18, 2023",2023,added,MORN,"Morningstar, Inc.",SP400MidCap,Market capitalization change.
"September 18, 2023",2023,removed,CATY,Cathay Bank,SP400MidCap,Market capitalization change.
"September 18, 2023",2023,added,GDDY,GoDaddy,SP400MidCap,Market capitalization change.
"September 18, 2023",2023,removed,SXT,Sensient Technologies,SP400MidCap,Market capitalization change.
"September 18, 2023",2023,added,GLPI,Gaming and Leisure Properties,SP400MidCap,Market capitalization change.
"September 18, 2023",2023,removed,PZZA,Papa John's,SP400MidCap,Market capitalization change.
"September 18, 2023",2023,added,PR,Permian Resources,SP400MidCap,Market capitalization change.
"September 18, 2023",2023,removed,OMCL,Omnicell,SP400MidCap,Market capitalization change.
"August 22, 2023",2023,added,DLB,Dolby,SP400MidCap,Market capitalization change.
"August 22, 2023",2023,removed,STAA,STAAR Surgical,SP400MidCap,Market capitalization change.
"August 21, 2023",2023,added,CHK,Chesapeake Energy,SP400MidCap,Market capitalization change.
"August 21, 2023",2023,removed,MRCY,Mercury Systems,SP400MidCap,Market capitalization change.
"August 8, 2023",2023,added,ERIE,Erie Indemnity,SP400MidCap,S&P 500 & 100 constituent Chevron Corp. acquired PDC Energy.
"August 8, 2023",2023,removed,PDCE,PDC Energy,SP400MidCap,S&P 500 & 100 constituent Chevron Corp. acquired PDC Energy.
"August 4, 2023",2023,added,PAG,Penske Automotive,SP400MidCap,Apollo Global Management acquired Univar Solutions.
"August 4, 2023",2023,removed,UNVR,Univar Solutions,SP400MidCap,Apollo Global Management acquired Univar Solutions.
"July 24, 2023",2023,added,ELS,Equity Lifestyle Properties,SP400MidCap,S&P 500 constituent Extra Space Storage acquired Life Storage.
"July 24, 2023",2023,removed,LSI,Life Storage,SP400MidCap,S&P 500 constituent Extra Space Storage acquired Life Storage.
"June 19, 2023",2023,added,WCC,WESCO International,SP400MidCap,Market capitalization change.
"June 19, 2023",2023,removed,NAVI,Navient,SP400MidCap,Market capitalization change.
"June 19, 2023",2023,added,ZI,ZoomInfo,SP400MidCap,Market capitalization change.
"June 19, 2023",2023,removed,SITM,SiTime,SP400MidCap,Market capitalization change.
"June 19, 2023",2023,added,OVV,Ovintiv,SP400MidCap,Market capitalization change.
"June 19, 2023",2023,removed,MAC,Macerich,SP400MidCap,Market capitalization change.
"June 19, 2023",2023,added,GPK,Graphic Packaging,SP400MidCap,Market capitalization change.
"June 19, 2023",2023,removed,VSCO,Victoria's Secret,SP400MidCap,Market capitalization change.
"June 19, 2023",2023,added,DBX,Dropbox,SP400MidCap,Market capitalization change.
"June 19, 2023",2023,removed,DEI,Douglas Emmett,SP400MidCap,Market capitalization change.
"June 19, 2023",2023,added,CCK,Crown Holdings,SP400MidCap,Market capitalization change.
"June 19, 2023",2023,removed,FULT,Fulton Financial Corporation,SP400MidCap,Market capitalization change.
"June 19, 2023",2023,added,PLNT,Planet Fitness,SP400MidCap,Market capitalization change.
"June 19, 2023",2023,removed,NGVT,Ingevity Corp.,SP400MidCap,Market capitalization change.
"June 19, 2023",2023,added,BWXT,BWX Technologies,SP400MidCap,Market capitalization change.
"June 19, 2023",2023,removed,SPWR,SunPower,SP400MidCap,Market capitalization change.
"June 19, 2023",2023,added,BERY,Berry Global,SP400MidCap,Market capitalization change.
"June 19, 2023",2023,removed,WLY,John Wiley & Sons,SP400MidCap,Market capitalization change.
"June 19, 2023",2023,added,DOCS,Doximity,SP400MidCap,Market capitalization change.
"June 19, 2023",2023,removed,DAN,Dana Incorporated,SP400MidCap,Market capitalization change.
"June 1, 2023",2023,added,KNF,Knife River Corporation,SP400MidCap,S&P MidCap 400 constituent MDU Resources Group Inc. (NYSE:MDU) spun off Knife River Corp. Bank of Hawaii moved due to market capitalization change.
"June 1, 2023",2023,removed,BOH,Bank of Hawaii,SP400MidCap,S&P MidCap 400 constituent MDU Resources Group Inc. (NYSE:MDU) spun off Knife River Corp. Bank of Hawaii moved due to market capitalization change.
"May 4, 2023",2023,added,STAG,STAG Industrial,SP400MidCap,Market capitalization change.
"May 4, 2023",2023,removed,AXON,Axon Enterprise,SP400MidCap,Market capitalization change.
"April 5, 2023",2023,removed,PACW,PacWest Bancorp,SP400MidCap,Market capitalization change.
"April 4, 2023",2023,added,CR,Crane (new),SP400MidCap,"S&P MidCap 400 constituent Crane Holdings Co. (NYSE:CR) spun off new Crane. Following the spin-off, the parent Crane Holdings Co. will have a name change to Crane NXT Co., a symbol change to CXT, and will remain in the S&P MidCap 400."
"March 22, 2023",2023,added,EXPO,Exponent,SP400MidCap,Ritchie Bros. Auctioneers acquired IAA.
"March 22, 2023",2023,removed,IAA,"IAA, Inc.",SP400MidCap,Ritchie Bros. Auctioneers acquired IAA.
"March 20, 2023",2023,added,AXTA,Axalta,SP400MidCap,Market capitalization change.
"March 20, 2023",2023,removed,SLG,SL Green Realty,SP400MidCap,Market capitalization change.
"March 20, 2023",2023,added,VAL,Valaris,SP400MidCap,Market capitalization change.
"March 20, 2023",2023,removed,FICO,Fair Isaac,SP400MidCap,Market capitalization change.
"March 20, 2023",2023,added,ALV,Autoliv,SP400MidCap,Market capitalization change.
"March 20, 2023",2023,removed,CBRL,Cracker Barrel,SP400MidCap,Market capitalization change.
"March 20, 2023",2023,added,STWD,Starwood Property Trust,SP400MidCap,Market capitalization change.
"March 20, 2023",2023,removed,VSAT,Viasat,SP400MidCap,Market capitalization change.
"March 20, 2023",2023,added,SSB,South State Bank,SP400MidCap,Market capitalization change.
"March 20, 2023",2023,removed,WAFD,"WaFd, Inc.",SP400MidCap,Market capitalization change.
"March 20, 2023",2023,added,CHRD,Chord Energy,SP400MidCap,Market capitalization change.
"March 20, 2023",2023,removed,DY,Dycom Industries,SP400MidCap,Market capitalization change.
"March 20, 2023",2023,added,WMS,Advanced Drainage Systems,SP400MidCap,Market capitalization change.
"March 20, 2023",2023,removed,KMT,Kennametal,SP400MidCap,Market capitalization change.
"March 20, 2023",2023,added,HGV,Hilton Grand Vacations,SP400MidCap,Market capitalization change.
"March 20, 2023",2023,removed,JBGS,JBG Smith,SP400MidCap,Market capitalization change.
"March 20, 2023",2023,added,HTZ,Hertz,SP400MidCap,Market capitalization change.
"March 20, 2023",2023,removed,PEB,Pebblebrook Hotel Trust,SP400MidCap,Market capitalization change.
"March 20, 2023",2023,added,ARMK,Aramark,SP400MidCap,Market capitalization change.
"March 20, 2023",2023,removed,HBI,Hanesbrands,SP400MidCap,Market capitalization change.
"March 20, 2023",2023,added,USFD,US Foods,SP400MidCap,Market capitalization change.
"March 20, 2023",2023,removed,TNDM,Tandem Diabetes Care,SP400MidCap,Market capitalization change.
"March 1, 2023",2023,added,COLB,Columbia Banking System,SP400MidCap,Columbia Banking System acquired Umpqua Bank.
"March 1, 2023",2023,removed,UMPQ,Umpqua Bank,SP400MidCap,Columbia Banking System acquired Umpqua Bank.
"February 23, 2023",2023,added,UFPI,UFP Industries,SP400MidCap,S&P 500 constituent UnitedHealth Group acquired LHC Group.
"February 23, 2023",2023,removed,LHCG,LHC Group,SP400MidCap,S&P 500 constituent UnitedHealth Group acquired LHC Group.
"February 6, 2023",2023,added,ADC,Agree Realty,SP400MidCap,Store Capital was acquired by GIC and Oak Street Capital.
"February 6, 2023",2023,removed,STOR,Store Capital,SP400MidCap,Store Capital was acquired by GIC and Oak Street Capital.
"January 5, 2023",2023,added,VNO,Vornado Realty Trust,SP400MidCap,Market capitalization change.
"January 5, 2023",2023,removed,RXO,RXO,SP400MidCap,Market capitalization change.
"December 22, 2022",2022,added,SMCI,Supermicro,SP400MidCap,Market capitalization change.
"December 22, 2022",2022,removed,STLD,Steel Dynamics,SP400MidCap,Market capitalization change.
"December 19, 2022",2022,added,FBIN,Fortune Brands Innovations,SP400MidCap,Market capitalization change.
"December 19, 2022",2022,removed,FSLR,First Solar,SP400MidCap,Market capitalization change.
"December 19, 2022",2022,added,ALGM,Allegro Microsystems,SP400MidCap,Market capitalization change.
"December 19, 2022",2022,removed,SMTC,Semtech,SP400MidCap,Market capitalization change.
"December 19, 2022",2022,added,CUBE,CubeSmart,SP400MidCap,Market capitalization change.
"December 19, 2022",2022,removed,NUVA,NuVasive,SP400MidCap,Market capitalization change.
"December 1, 2022",2022,added,PBF,PBF Energy,SP400MidCap,Market capitalization change.
"December 1, 2022",2022,removed,NUS,Nu Skin Enterprises,SP400MidCap,Market capitalization change.
"December 1, 2022",2022,added,NXST,Nexstar Media Group,SP400MidCap,Market capitalization change.
"December 1, 2022",2022,removed,SABR,Sabre,SP400MidCap,Market capitalization change.
"November 2, 2022",2022,removed,BFH,Bread Financial,SP400MidCap,Market capitalization change.
"November 1, 2022",2022,added,RXO,RXO,SP400MidCap,"S&P MidCap 400 constituent XPO, Inc. spun off RXO."
"October 20, 2022",2022,added,AR,Antero Resources,SP400MidCap,S&P 500 constituent Berkshire Hathaway acquired Alleghany.
"October 20, 2022",2022,removed,Y,Alleghany,SP400MidCap,S&P 500 constituent Berkshire Hathaway acquired Alleghany.
"October 18, 2022",2022,added,WLK,Westlake,SP400MidCap,Market capitalization change.
"October 18, 2022",2022,removed,MLKN,MillerKnoll,SP400MidCap,Market capitalization change.
"October 12, 2022",2022,added,LNTH,Lantheus Holdings,SP400MidCap,Market capitalization change.
"October 12, 2022",2022,removed,TRGP,Targa Resources,SP400MidCap,Market capitalization change.
"October 3, 2022",2022,added,FYBR,Frontier Communications,SP400MidCap,Market capitalization change.
"October 3, 2022",2022,removed,HAIN,Hain Celestial Group,SP400MidCap,Market capitalization change.
"October 3, 2022",2022,added,EXLS,EXL Service,SP400MidCap,Market capitalization change.
"October 3, 2022",2022,removed,EQT,EQT Corporation,SP400MidCap,Market capitalization change.
"September 19, 2022",2022,added,PVH,PVH Corp.,SP400MidCap,Market capitalization change.
"September 19, 2022",2022,removed,HPP,Hudson Pacific Properties,SP400MidCap,Market capitalization change.
"September 19, 2022",2022,added,PENN,Penn Entertainment,SP400MidCap,Market capitalization change.
"September 19, 2022",2022,removed,MCY,Mercury General,SP400MidCap,Market capitalization change.
"September 19, 2022",2022,added,DT,Dynatrace,SP400MidCap,Market capitalization change.
"September 19, 2022",2022,removed,AEO,American Eagle Outfitters,SP400MidCap,Market capitalization change.
"September 19, 2022",2022,added,NLY,Annaly Capital Management,SP400MidCap,Market capitalization change.
"September 19, 2022",2022,removed,MTX,Minerals Technologies,SP400MidCap,Market capitalization change.
"August 17, 2022",2022,added,MTSI,MACOM Technology Solutions,SP400MidCap,Thoma Bravo acquired SailPoint Technologies Holdings.
"August 17, 2022",2022,removed,SAIL,SailPoint Technologies,SP400MidCap,Thoma Bravo acquired SailPoint Technologies Holdings.
"August 10, 2022",2022,added,CELH,Celsius Holdings,SP400MidCap,Blackstone Inc. acquired American Campus Communities.
"August 10, 2022",2022,removed,ACC,American Campus Communities,SP400MidCap,Blackstone Inc. acquired American Campus Communities.
"July 27, 2022",2022,added,MP,MP Materials,SP400MidCap,Cargill and Continental Grain Co. acquired Sanderson Farms.
"July 27, 2022",2022,removed,SAFM,Sanderson Farms,SP400MidCap,Cargill and Continental Grain Co. acquired Sanderson Farms.
"July 26, 2022",2022,added,NOVT,Novanta,SP400MidCap,Market capitalization change.
"July 26, 2022",2022,removed,SIX,Six Flags,SP400MidCap,Market capitalization change.
"July 21, 2022",2022,added,HTA,Healthcare Trust of America,SP400MidCap,"Healthcare Trust of America acquired Healthcare Realty Trust. Post-merger, Healthcare Trust of America changed its name and symbol to Healthcare Realty Trust Inc. (NYSE: HR)."
"July 21, 2022",2022,removed,HR,Healthcare Realty Trust,SP400MidCap,"Healthcare Trust of America acquired Healthcare Realty Trust. Post-merger, Healthcare Trust of America changed its name and symbol to Healthcare Realty Trust Inc. (NYSE: HR)."
"July 20, 2022",2022,added,COKE,Coca-Cola Consolidated,SP400MidCap,Blackstone Inc. acquired PS Business Parks.
"July 20, 2022",2022,removed,PSB,PS Business Parks,SP400MidCap,Blackstone Inc. acquired PS Business Parks.
"July 7, 2022",2022,added,ORA,Ormat Technologies,SP400MidCap,Entegris acquired CMC Materials.
"July 7, 2022",2022,removed,CCMP,CMC Materials,SP400MidCap,Entegris acquired CMC Materials.
"July 6, 2022",2022,added,SWN,Southwestern Energy,SP400MidCap,Brookfield Business Partners acquired CDK Global in a tender offer.
"July 6, 2022",2022,removed,CDK,CDK Global,SP400MidCap,Brookfield Business Partners acquired CDK Global in a tender offer.
"July 5, 2022",2022,added,OMCL,Omnicell,SP400MidCap,S&P MidCap 400 constituent II-VI Inc. acquired Coherent.
"July 5, 2022",2022,removed,COHR,Coherent,SP400MidCap,S&P MidCap 400 constituent II-VI Inc. acquired Coherent.
"June 29, 2022",2022,added,POR,Portland General Electric,SP400MidCap,Market capitalization change.
"June 29, 2022",2022,removed,APPS,Digital Turbine,SP400MidCap,Market capitalization change.
"June 21, 2022",2022,removed,TRN,Trinity Industries,SP400MidCap,Market capitalization change.
"June 21, 2022",2022,added,IPGP,IPG Photonics,SP400MidCap,Market capitalization change.
"June 21, 2022",2022,removed,YELP,Yelp,SP400MidCap,Market capitalization change.
"June 21, 2022",2022,added,SHC,Sotera Health,SP400MidCap,Market capitalization change.
"June 21, 2022",2022,removed,URBN,Urban Outfitters,SP400MidCap,Market capitalization change.
"June 21, 2022",2022,added,SWAV,Shockwave Medical,SP400MidCap,Market capitalization change.
"June 21, 2022",2022,removed,RAMP,LiveRamp,SP400MidCap,Market capitalization change.
"May 19, 2022",2022,added,IRT,IRT Living,SP400MidCap,Permira Holdings Ltd. acquired Mimecast.
"May 19, 2022",2022,removed,MIME,Mimecast,SP400MidCap,Permira Holdings Ltd. acquired Mimecast.
"May 3, 2022",2022,added,NARI,Inari Medical,SP400MidCap,Market capitalization change.
"May 3, 2022",2022,removed,TPH,Tri Pointe Homes,SP400MidCap,Market capitalization change.
"April 6, 2022",2022,removed,PRG,PROG Holdings,SP400MidCap,Market capitalization change.
"April 5, 2022",2022,added,ESAB,ESAB,SP400MidCap,S&P MidCap 400 constituent Colfax Corp. spun off ESAB.
"April 4, 2022",2022,added,MTDR,Matador Resources,SP400MidCap,Market capitalization change.
"April 4, 2022",2022,removed,CPT,Camden,SP400MidCap,Market capitalization change.
"March 30, 2022",2022,added,GTLS,Chart Industries,SP400MidCap,Global Infrastructure Partners acquired CyrusOne.
"March 30, 2022",2022,removed,CONE,CyrusOne,SP400MidCap,Global Infrastructure Partners acquired CyrusOne.
"March 14, 2022",2022,added,BRBR,BellRing Brands,SP400MidCap,Market capitalization change.
"March 14, 2022",2022,removed,CRNC,Cerence,SP400MidCap,Market capitalization change.
"March 2, 2022",2022,added,RRC,Range Resources,SP400MidCap,Market capitalization change.
"March 2, 2022",2022,removed,MOH,Molina Healthcare,SP400MidCap,Market capitalization change.
"February 18, 2022",2022,added,ONB,Old National,SP400MidCap,Market capitalization change.
"February 18, 2022",2022,removed,UE,Urban Edge Properties,SP400MidCap,Market capitalization change.
"February 15, 2022",2022,added,PDCE,PDC Energy,SP400MidCap,Market capitalization change.
"February 15, 2022",2022,removed,NDSN,Nordson,SP400MidCap,Market capitalization change.
"February 3, 2022",2022,added,GPS,Gap,SP400MidCap,Market capitalization change.
"February 3, 2022",2022,removed,JACK,Jack in the Box,SP400MidCap,Market capitalization change.
"February 1, 2022",2022,added,EEFT,Euronet Worldwide,SP400MidCap,Market capitalization change.
"February 1, 2022",2022,removed,CMP,Compass Minerals,SP400MidCap,Market capitalization change.
"February 1, 2022",2022,added,WTS,Watts Water Technologies,SP400MidCap,Webster Bank acquired Sterling Bancorp.
"February 1, 2022",2022,removed,STL,Sterling Bancorp,SP400MidCap,Webster Bank acquired Sterling Bancorp.
"January 4, 2022",2022,added,CALX,Calix,SP400MidCap,First Citizens BancShares acquired CIT Group.
"January 4, 2022",2022,removed,CIT,CIT Group,SP400MidCap,First Citizens BancShares acquired CIT Group.
"December 28, 2021",2021,added,VOYA,Voya Financial,SP400MidCap,S&P 500/100 constituent American Tower acquired CoreSite Realty.
"December 28, 2021",2021,removed,COR,CoreSite,SP400MidCap,S&P 500/100 constituent American Tower acquired CoreSite Realty.
"December 20, 2021",2021,added,AA,Alcoa,SP400MidCap,S&P 500 constituent Baxter International acquired Hill-Rom.
"December 20, 2021",2021,removed,HRC,Hillrom,SP400MidCap,S&P 500 constituent Baxter International acquired Hill-Rom.
"December 20, 2021",2021,added,LEG,Leggett & Platt,SP400MidCap,Market capitalization change.
"December 20, 2021",2021,removed,SBNY,Signature Bank,SP400MidCap,Market capitalization change.
"December 20, 2021",2021,added,HBI,Hanesbrands,SP400MidCap,Market capitalization change.
"December 20, 2021",2021,removed,SEDG,SolarEdge,SP400MidCap,Market capitalization change.
"December 20, 2021",2021,added,WU,Western Union,SP400MidCap,Market capitalization change.
"December 20, 2021",2021,removed,FDS,FactSet,SP400MidCap,Market capitalization change.
"December 20, 2021",2021,added,M,Macy's,SP400MidCap,Market capitalization change.
"December 20, 2021",2021,removed,TR,Tootsie Roll,SP400MidCap,Market capitalization change.
"December 20, 2021",2021,added,VICR,Vicor,SP400MidCap,Market capitalization change.
"December 20, 2021",2021,removed,TDS,Telephone and Data Systems,SP400MidCap,Market capitalization change.
"December 20, 2021",2021,added,POWI,Power Integrations,SP400MidCap,Market capitalization change.
"December 20, 2021",2021,removed,NKTR,Nektar Therapeutics,SP400MidCap,Market capitalization change.
"December 2, 2021",2021,added,BRKR,Bruker,SP400MidCap,Market capitalization change.
"December 2, 2021",2021,removed,KAR,KAR Auction Services,SP400MidCap,Market capitalization change.
"November 30, 2021",2021,added,SITM,SiTime,SP400MidCap,Market capitalization change.
"November 30, 2021",2021,removed,EBS,Emergent BioSolutions,SP400MidCap,Market capitalization change.
"November 5, 2021",2021,added,KD,Kyndryl,SP400MidCap,S&P 500 and 100 constituent IBM spun off Kyndryl Holdings.
"November 5, 2021",2021,removed,NTCT,NetScout Systems,SP400MidCap,S&P 500 and 100 constituent IBM spun off Kyndryl Holdings.
"October 22, 2021",2021,added,KRG,Kite Realty Group Trust,SP400MidCap,Market capitalization change.
"October 22, 2021",2021,removed,TREE,LendingTree,SP400MidCap,Market capitalization change.
"October 5, 2021",2021,added,SPWR,SunPower,SP400MidCap,S&P 500 constituent Cabot Oil & Gas acquired Cimarex Energy.
"October 5, 2021",2021,removed,XEC,Cimarex Energy,SP400MidCap,S&P 500 constituent Cabot Oil & Gas acquired Cimarex Energy.
"September 20, 2021",2021,added,UNM,Unum,SP400MidCap,Market capitalization change.
"September 20, 2021",2021,removed,CDAY,Ceridian,SP400MidCap,Market capitalization change.
"September 20, 2021",2021,added,NOV,NOV Inc.,SP400MidCap,Market capitalization change.
"September 20, 2021",2021,removed,BRO,Brown & Brown,SP400MidCap,Market capitalization change.
"September 20, 2021",2021,added,PRGO,Perrigo,SP400MidCap,Market capitalization change.
"September 20, 2021",2021,removed,WW,WW International,SP400MidCap,Market capitalization change.
"September 20, 2021",2021,added,TNDM,Tandem Diabetes Care,SP400MidCap,Market capitalization change.
"September 20, 2021",2021,removed,HCSG,Healthcare Services Group,SP400MidCap,Market capitalization change.
"September 7, 2021",2021,added,APPS,Digital Turbine,SP400MidCap,Market capitalization change.
"September 7, 2021",2021,removed,LGND,Ligand Pharmaceuticals,SP400MidCap,Market capitalization change.
"September 3, 2021",2021,added,PFGC,Performance Food Group,SP400MidCap,Market capitalization change.
"September 3, 2021",2021,removed,THS,TreeHouse Foods,SP400MidCap,Market capitalization change.
"August 30, 2021",2021,added,SAIA,Saia,SP400MidCap,Market capitalization change.
"August 30, 2021",2021,removed,TECH,Bio-Techne,SP400MidCap,Market capitalization change.
"August 30, 2021",2021,added,MIME,Mimecast,SP400MidCap,Market capitalization change.
"August 30, 2021",2021,removed,CNK,Cinemark Holdings,SP400MidCap,Market capitalization change.
"August 30, 2021",2021,added,OPCH,Option Care Health,SP400MidCap,Market capitalization change.
"August 30, 2021",2021,removed,TRMK,Trustmark Corporation,SP400MidCap,Market capitalization change.
"August 4, 2021",2021,added,VSCO,Victoria's Secret,SP400MidCap,S&P 500 constituent L Brands spun off Victoria's Secret.
"August 4, 2021",2021,removed,INT,World Fuel Services,SP400MidCap,S&P 500 constituent L Brands spun off Victoria's Secret.
"August 4, 2021",2021,added,GME,GameStop,SP400MidCap,S&P 500 constituent Kimco Realty acquired Weingarten Realty.
"August 4, 2021",2021,removed,WRI,Weingarten Realty,SP400MidCap,S&P 500 constituent Kimco Realty acquired Weingarten Realty.
"August 3, 2021",2021,removed,STRA,"Strategic Education, Inc.",SP400MidCap,Market capitalization change.
"August 2, 2021",2021,added,GXO,GXO Logistics,SP400MidCap,"Spun off from XPO, Inc."
"July 7, 2021",2021,added,CRNC,Cerence,SP400MidCap,Market capitalization change.
"July 7, 2021",2021,removed,ATGE,Adtalem Global Education,SP400MidCap,Market capitalization change.
"July 2, 2021",2021,added,DTM,DT Midstream,SP400MidCap,ICON plc acquired PRA Health Sciences.
"July 2, 2021",2021,removed,PRAH,PRA Health Sciences,SP400MidCap,ICON plc acquired PRA Health Sciences.
"June 15, 2021",2021,added,ELY,Callaway Golf,SP400MidCap,Just Eat Takeaway.com NV acquired GrubHub.
"June 15, 2021",2021,removed,GRUB,Grubhub,SP400MidCap,Just Eat Takeaway.com NV acquired GrubHub.
"June 9, 2021",2021,added,TRGP,Targa Resources,SP400MidCap,Stone Point Capital and Insight Partners acquired CoreLogic.
"June 9, 2021",2021,removed,CLGX,CoreLogic,SP400MidCap,Stone Point Capital and Insight Partners acquired CoreLogic.
"June 9, 2021",2021,added,ENV,Envestnet,SP400MidCap,S&P 500 constituent Huntington Bancshares acquired TCF Financial Corporation.
"June 9, 2021",2021,removed,TCF,TCF Financial Corporation,SP400MidCap,S&P 500 constituent Huntington Bancshares acquired TCF Financial Corporation.
"June 4, 2021",2021,added,HFC,HollyFrontier,SP400MidCap,Market capitalization change.
"June 4, 2021",2021,removed,SVC,Service Properties Trust,SP400MidCap,Market capitalization change.
"June 2, 2021",2021,added,CROX,Crocs,SP400MidCap,S&P 500 constituent STERIS plc acquired Cantel Medical.
"June 2, 2021",2021,removed,CMD,Cantel Medical Corporation,SP400MidCap,S&P 500 constituent STERIS plc acquired Cantel Medical.
"May 17, 2021",2021,added,AZPN,Aspen Technology,SP400MidCap,Market capitalization change.
"May 17, 2021",2021,removed,AVNS,Avanos Medical,SP400MidCap,Market capitalization change.
"May 14, 2021",2021,added,NSA,National Storage Affiliates Trust,SP400MidCap,Charles River Laboratories replaced FLIR Systems in the S&P 500.
"May 14, 2021",2021,removed,CRL,Charles River Laboratories,SP400MidCap,Charles River Laboratories replaced FLIR Systems in the S&P 500.
"May 7, 2021",2021,added,RCM,R1 RCM,SP400MidCap,Veritas Capital acquired Perspecta.
"May 7, 2021",2021,removed,PRSP,Perspecta Inc.,SP400MidCap,Veritas Capital acquired Perspecta.
"May 3, 2021",2021,added,G,Genpact,SP400MidCap,Market capitalization change.
"May 3, 2021",2021,removed,GNW,Genworth Financial,SP400MidCap,Market capitalization change.
"April 20, 2021",2021,added,LSCC,Lattice Semiconductor,SP400MidCap,PTC replaced Varian Medical Systems in the S&P 500.
"April 20, 2021",2021,removed,PTC,PTC Inc.,SP400MidCap,PTC replaced Varian Medical Systems in the S&P 500.
"April 20, 2021",2021,added,PGNY,Progyny Inc.,SP400MidCap,Market capitalization change.
"April 20, 2021",2021,removed,UFS,Domtar,SP400MidCap,Market capitalization change.
"April 12, 2021",2021,added,NVST,Envista Holdings,SP400MidCap,Market capitalization change.
"April 12, 2021",2021,removed,IDCC,InterDigital,SP400MidCap,Market capitalization change.
"March 30, 2021",2021,added,NBIX,Neurocrine Biosciences,SP400MidCap,Market capitalization change.
"March 30, 2021",2021,removed,OI,O-I Glass,SP400MidCap,Market capitalization change.
"March 22, 2021",2021,added,FLS,Flowserve,SP400MidCap,Market capitalization change.
"March 22, 2021",2021,removed,EPC,Edgewell Personal Care,SP400MidCap,Market capitalization change.
"March 22, 2021",2021,added,SLG,SL Green Realty,SP400MidCap,Market capitalization change.
"March 22, 2021",2021,removed,PENN,Penn National Gaming,SP400MidCap,Market capitalization change.
"March 22, 2021",2021,added,XRX,Xerox,SP400MidCap,Market capitalization change.
"March 22, 2021",2021,removed,GNRC,Generac Holdings,SP400MidCap,Market capitalization change.
"March 22, 2021",2021,added,VNT,Vontier,SP400MidCap,Market capitalization change.
"March 22, 2021",2021,removed,CZR,Caesars Entertainment,SP400MidCap,Market capitalization change.
"March 1, 2021",2021,added,CLF,Cleveland-Cliffs,SP400MidCap,S&P 500/100 constituent Morgan Stanley acquired Eaton Vance.
"March 1, 2021",2021,removed,EV,Eaton Vance,SP400MidCap,S&P 500/100 constituent Morgan Stanley acquired Eaton Vance.
"February 16, 2021",2021,added,AMKR,Amkor Technology,SP400MidCap,Market capitalization change.
"February 16, 2021",2021,removed,HNI,HNI Corporation,SP400MidCap,Market capitalization change.
"February 12, 2021",2021,added,IRDM,Iridium Communications,SP400MidCap,Monolithic Power Systems replaced TechnipFMC in the S&P 500.
"February 12, 2021",2021,removed,MPWR,Monolithic Power Systems,SP400MidCap,Monolithic Power Systems replaced TechnipFMC in the S&P 500.
"January 29, 2021",2021,added,STAA,STAAR Surgical,SP400MidCap,Market capitalization change.
"January 29, 2021",2021,removed,PBH,Prestige Brands,SP400MidCap,Market capitalization change.
"January 21, 2021",2021,added,YETI,Yeti Holdings,SP400MidCap,Trimble Inc. replaced Concho Resources in the S&P 500.
"January 21, 2021",2021,removed,TRMB,Trimble Inc.,SP400MidCap,Trimble Inc. replaced Concho Resources in the S&P 500.
"January 7, 2021",2021,added,CPRI,Capri Holdings,SP400MidCap,Market capitalization change.
"January 7, 2021",2021,removed,ENPH,Enphase Energy,SP400MidCap,Market capitalization change.
"January 7, 2021",2021,added,BRKS,Brooks Automation,SP400MidCap,S&P 500 constituent Devon Energy acquired WPX Energy.
"January 7, 2021",2021,removed,WPX,WPX Energy,SP400MidCap,S&P 500 constituent Devon Energy acquired WPX Energy.
"December 29, 2020",2020,added,KNSL,Kinsale Capital Group,SP400MidCap,S&P 500/100 constituent Simon Property Group acquired Taubman Centers.
"December 29, 2020",2020,removed,TCO,Taubman Centers,SP400MidCap,S&P 500/100 constituent Simon Property Group acquired Taubman Centers.
"December 21, 2020",2020,added,AIRC,Apartment Income REIT,SP400MidCap,Inspire Brands acquired Dunkin' Brands Group.
"December 21, 2020",2020,removed,DNKN,Dunkin' Brands,SP400MidCap,Inspire Brands acquired Dunkin' Brands Group.
"December 2, 2020",2020,removed,AMCX,AMC Networks,SP400MidCap,Market capitalization change.
"December 1, 2020",2020,added,CNXC,Concentrix,SP400MidCap,S&P MidCap 400 constituent SYNNEX Corp. spun off Concentrix.
"November 13, 2020",2020,added,MTG,MGIC Investment Corporation,SP400MidCap,Market capitalization change.
"November 13, 2020",2020,removed,GEO,GEO Group,SP400MidCap,Market capitalization change.
"November 13, 2020",2020,added,HALO,Halozyme,SP400MidCap,Market capitalization change.
"November 13, 2020",2020,removed,MD,Mednax,SP400MidCap,Market capitalization change.
"October 7, 2020",2020,added,NEOG,Neogen,SP400MidCap,Market capitalization change.
"October 7, 2020",2020,removed,POOL,Pool Corporation,SP400MidCap,Market capitalization change.
"October 7, 2020",2020,added,SSD,Simpson Manufacturing,SP400MidCap,S&P 500 constituent BorgWarner acquired Delphi Technologies.
"October 7, 2020",2020,removed,DLPH,Delphi Technologies,SP400MidCap,S&P 500 constituent BorgWarner acquired Delphi Technologies.
"October 5, 2020",2020,added,SAIL,SailPoint Technologies,SP400MidCap,Market capitalization change.
"October 5, 2020",2020,removed,SBH,Sally Beauty Holdings,SP400MidCap,Market capitalization change.
"September 21, 2020",2020,added,HRB,H&R Block,SP400MidCap,Market capitalization change.
"September 21, 2020",2020,removed,ETSY,Etsy,SP400MidCap,Market capitalization change.
"September 21, 2020",2020,added,COTY,Coty,SP400MidCap,Market capitalization change.
"September 21, 2020",2020,removed,TER,Teradyne,SP400MidCap,Market capitalization change.
"September 21, 2020",2020,added,KSS,Kohl's,SP400MidCap,Market capitalization change.
"September 21, 2020",2020,removed,CTLT,Catalent,SP400MidCap,Market capitalization change.
"September 21, 2020",2020,added,JAZZ,Jazz Pharmaceuticals,SP400MidCap,Market capitalization change.
"September 21, 2020",2020,removed,RIG,Transocean,SP400MidCap,Market capitalization change.
"September 21, 2020",2020,added,WING,Wingstop,SP400MidCap,Market capitalization change.
"September 21, 2020",2020,removed,PBF,PBF Energy,SP400MidCap,Market capitalization change.
"September 21, 2020",2020,added,MEDP,Medpace,SP400MidCap,Market capitalization change.
"September 21, 2020",2020,removed,ATI,Allegheny Technologies,SP400MidCap,Market capitalization change.
"September 21, 2020",2020,added,FOXF,Fox Factory,SP400MidCap,Market capitalization change.
"September 21, 2020",2020,removed,CLI,Mack-Cali Realty,SP400MidCap,Market capitalization change.
"September 1, 2020",2020,added,LAD,Lithia Motors,SP400MidCap,Francisco Partners and Elliott Management acquired LogMeIn.
"September 1, 2020",2020,removed,LOGM,LogMeIn,SP400MidCap,Francisco Partners and Elliott Management acquired LogMeIn.
"August 17, 2020",2020,added,BLDR,Builders FirstSource,SP400MidCap,Market capitalization change.
"August 17, 2020",2020,removed,CXW,CoreCivic,SP400MidCap,Market capitalization change.
"August 3, 2020",2020,added,RUN,Sunrun,SP400MidCap,S&P 500 constituent Franklin Resources acquired Legg Mason.
"August 3, 2020",2020,removed,LM,Legg Mason,SP400MidCap,S&P 500 constituent Franklin Resources acquired Legg Mason.
"August 3, 2020",2020,added,IAA,"IAA, Inc.",SP400MidCap,Market capitalization change.
"August 3, 2020",2020,removed,DLX,Deluxe Corporation,SP400MidCap,Market capitalization change.
"August 3, 2020",2020,added,REXR,Rexford Industrial Realty,SP400MidCap,Market capitalization change.
"August 3, 2020",2020,removed,CRS,Carpenter Technology,SP400MidCap,Market capitalization change.
"July 24, 2020",2020,added,EBS,Emergent BioSolutions,SP400MidCap,S&P MidCap 400 constituent Eldorado Resorts (NASD:ERI) acquired Caesars Entertainment.
"July 24, 2020",2020,removed,CZR,Caesars Entertainment,SP400MidCap,S&P MidCap 400 constituent Eldorado Resorts (NASD:ERI) acquired Caesars Entertainment.
"June 30, 2020",2020,added,BLD,TopBuild Corp.,SP400MidCap,Apollo Global Management acquired Tech Data.
"June 30, 2020",2020,removed,TECD,Tech Data,SP400MidCap,Apollo Global Management acquired Tech Data.
"June 25, 2020",2020,added,GO,Grocery Outlet,SP400MidCap,Market capitalization change.
"June 25, 2020",2020,removed,EAT,Brinker International,SP400MidCap,Market capitalization change.
"June 22, 2020",2020,added,ADS,Alliance Data Systems,SP400MidCap,Market capitalization changes
"June 22, 2020",2020,removed,TDY,Teledyne Technologies,SP400MidCap,Market capitalization changes
"June 22, 2020",2020,added,JWN,Nordstrom,SP400MidCap,Market capitalization changes
"June 22, 2020",2020,removed,BIO,Bio-Rad Laboratories,SP400MidCap,Market capitalization changes
"June 22, 2020",2020,added,HOG,Harley-Davidson,SP400MidCap,Market capitalization changes
"June 22, 2020",2020,removed,TYL,Tyler Technologies,SP400MidCap,Market capitalization changes
"June 22, 2020",2020,added,MIDD,Middleby Corporation,SP400MidCap,Market capitalization changes
"June 22, 2020",2020,removed,DDS,Dillard's,SP400MidCap,Market capitalization changes
"June 22, 2020",2020,added,QDEL,Quidel Corp,SP400MidCap,Market capitalization changes
"June 22, 2020",2020,removed,DNOW,DNOW Inc.,SP400MidCap,Market capitalization changes
"June 22, 2020",2020,added,HXL,Hexcel,SP400MidCap,Market capitalization changes
"June 22, 2020",2020,removed,CAKE,Cheesecake Factory,SP400MidCap,Market capitalization changes
"June 22, 2020",2020,added,UNVR,Univar Solutions,SP400MidCap,Market capitalization changes
"June 22, 2020",2020,removed,REZI,Resideo Technologies,SP400MidCap,Market capitalization changes
"June 22, 2020",2020,added,STRA,Strategic Education,SP400MidCap,Market capitalization changes
"June 22, 2020",2020,removed,BBBY,Bed Bath & Beyond,SP400MidCap,Market capitalization changes
"June 22, 2020",2020,added,QLYS,Qualys Inc,SP400MidCap,Market capitalization changes
"June 22, 2020",2020,removed,MTDR,Matador Resources,SP400MidCap,Market capitalization changes
"June 22, 2020",2020,added,GBCI,Glacier Bancorp,SP400MidCap,Market capitalization changes
"June 22, 2020",2020,removed,MDRX,Allscripts Healthcare Solutions,SP400MidCap,Market capitalization changes
"May 27, 2020",2020,added,HPP,Hudson Pacific Properties,SP400MidCap,Hudson Pacific Properties Inc. (NYSE:HPP) replaced Diversified Healthcare Trust (NASD:DHC).
"May 27, 2020",2020,removed,DHC,Diversified Healthcare Trust,SP400MidCap,Hudson Pacific Properties Inc. (NYSE:HPP) replaced Diversified Healthcare Trust (NASD:DHC).
"May 26, 2020",2020,added,ESNT,Essent Group Ltd,SP400MidCap,Essent Group Ltd. (NYSE:ESNT) replaced Patterson-UTI Energy Inc. (NASD:PTEN).
"May 26, 2020",2020,removed,PTEN,Patterson-UTI Energy,SP400MidCap,Essent Group Ltd. (NYSE:ESNT) replaced Patterson-UTI Energy Inc. (NASD:PTEN).
"May 18, 2020",2020,added,DOC,Physicians Realty Trust,SP400MidCap,Physicians Realty Trust replaced West Pharmaceutical Services.
"May 18, 2020",2020,removed,WST,West Pharmaceutical Services,SP400MidCap,Physicians Realty Trust replaced West Pharmaceutical Services.
"May 6, 2020",2020,added,STOR,Store Capital,SP400MidCap,STORE Capital Corp. (NYSE:STOR) replaced Domino's Pizza.
"May 6, 2020",2020,removed,DPZ,Domino's Pizza,SP400MidCap,STORE Capital Corp. (NYSE:STOR) replaced Domino's Pizza.
"April 27, 2020",2020,added,ENPH,Enphase Energy,SP400MidCap,S&P 400 to S&P 600 moves
"April 27, 2020",2020,removed,CLB,Core Laboratories,SP400MidCap,S&P 400 to S&P 600 moves
"April 27, 2020",2020,added,PCTY,Paylocity Holding,SP400MidCap,S&P 400 to S&P 600 moves
"April 27, 2020",2020,removed,MDP,Meredith Corp,SP400MidCap,S&P 400 to S&P 600 moves
"April 13, 2020",2020,added,LHCG,LHC Group,SP400MidCap,S&P SmallCap 600 constituent LHC Group Inc. (NASD: LHCG) replaced Cypress Semiconductor Corp. (NASD: CY).
"April 13, 2020",2020,removed,CY,Cypress Semiconductor,SP400MidCap,S&P SmallCap 600 constituent LHC Group Inc. (NASD: LHCG) replaced Cypress Semiconductor Corp. (NASD: CY).
"February 27, 2020",2020,added,XEC,Cimarex Energy,SP400MidCap,Market capitalization change.
"February 27, 2020",2020,removed,CHK,Chesapeake Energy,SP400MidCap,Market capitalization change.
"February 7, 2020",2020,added,GNRC,Generac Holdings,SP400MidCap,Generac Holdings Inc. (NYSE:GNRC) replaced Alexander & Baldwin Inc. (NYSE:ALEX).
"February 7, 2020",2020,removed,ALEX,Alexander & Baldwin,SP400MidCap,Generac Holdings Inc. (NYSE:GNRC) replaced Alexander & Baldwin Inc. (NYSE:ALEX).
"January 31, 2020",2020,added,TMHC,Taylor Morrison Home Corp,SP400MidCap,Taylor Morrison Home Corp. (NYSE: TMHC) replaced Green Dot Corp. (NYSE: GDOT).
"January 31, 2020",2020,removed,GDOT,Green Dot Corp,SP400MidCap,Taylor Morrison Home Corp. (NYSE: TMHC) replaced Green Dot Corp. (NYSE: GDOT).
"January 29, 2020",2020,added,DAR,Darling Ingredients,SP400MidCap,S&P SmallCap 600 constituent Darling Ingredients Inc. (NYSE: DAR) replaced Liberty Property Trust (NYSE: LPT).
"January 29, 2020",2020,removed,LPT,Liberty Property Trust,SP400MidCap,S&P SmallCap 600 constituent Darling Ingredients Inc. (NYSE: DAR) replaced Liberty Property Trust (NYSE: LPT).
"January 21, 2020",2020,added,CIT,CIT Group,SP400MidCap,"CIT Group Inc. (NYSE:CIT) replaced Tanger Factory Outlet Centers, Inc. (NYSE:SKT)."
"January 21, 2020",2020,removed,SKT,Tanger Factory Outlet Centers,SP400MidCap,"CIT Group Inc. (NYSE:CIT) replaced Tanger Factory Outlet Centers, Inc. (NYSE:SKT)."
"December 26, 2019",2019,added,RH,RH,SP400MidCap,S&P SmallCap 600 constituent RH (NYSE: RH) replaced Genesee & Wyoming Inc. (NYSE: GWR).
"December 26, 2019",2019,removed,GWR,Genesee & Wyoming,SP400MidCap,S&P SmallCap 600 constituent RH (NYSE: RH) replaced Genesee & Wyoming Inc. (NYSE: GWR).
"December 17, 2019",2019,added,COLM,Columbia Sportswear,SP400MidCap,Columbia Sportswear Company (NASD: COLM) replaced Uniti Group Inc. (NASD: UNIT).
"December 17, 2019",2019,removed,UNIT,Uniti Group,SP400MidCap,Columbia Sportswear Company (NASD: COLM) replaced Uniti Group Inc. (NASD: UNIT).
"December 13, 2019",2019,added,AMG,Affiliated Managers Group,SP400MidCap,Market capitalization changes.
"December 13, 2019",2019,removed,LYV,Live Nation Entertainment,SP400MidCap,Market capitalization changes.
"December 13, 2019",2019,added,TRIP,TripAdvisor,SP400MidCap,Market capitalization changes.
"December 13, 2019",2019,removed,ZBRA,Zebra Technologies,SP400MidCap,Market capitalization changes.
"December 13, 2019",2019,added,MAC,Macerich Co.,SP400MidCap,Market capitalization changes.
"December 13, 2019",2019,removed,STE,STERIS plc,SP400MidCap,Market capitalization changes.
"December 13, 2019",2019,added,LOPE,Grand Canyon Education,SP400MidCap,Market capitalization changes.
"December 13, 2019",2019,removed,OAS,Oasis Petroleum,SP400MidCap,Market capitalization changes.
"December 13, 2019",2019,added,LEA,Lear Corp,SP400MidCap,Market capitalization changes.
"December 13, 2019",2019,removed,SWN,Southwestern Energy,SP400MidCap,Market capitalization changes.
"December 13, 2019",2019,added,ARWR,Arrowhead Pharmaceuticals,SP400MidCap,Market capitalization changes.
"December 13, 2019",2019,removed,GVA,Granite Construction,SP400MidCap,Market capitalization changes.
"December 10, 2019",2019,added,CHH,Choice Hotels,SP400MidCap,Choice Hotels International Inc. (NYSE: CHH) replaced Plantronics Inc. (NYSE: PLT).
"December 10, 2019",2019,removed,PLT,Plantronics,SP400MidCap,Choice Hotels International Inc. (NYSE: CHH) replaced Plantronics Inc. (NYSE: PLT).
"December 2, 2019",2019,added,CCMP,Cabot Microelectronics,SP400MidCap,S&P SmallCap 600 constituent Cabot Microelectronics Corp. (NASD: CCMP) replaced Old Dominion Freight Line.
"December 2, 2019",2019,removed,ODFL,Old Dominion Freight Line,SP400MidCap,S&P SmallCap 600 constituent Cabot Microelectronics Corp. (NASD: CCMP) replaced Old Dominion Freight Line.
"November 27, 2019",2019,added,RLI,RLI Corp.,SP400MidCap,S&P SmallCap 600 constituent RLI Corp. (NYSE:RLI) replaced W.R. Berkley.
"November 27, 2019",2019,removed,WRB,W.R. Berkley,SP400MidCap,S&P SmallCap 600 constituent RLI Corp. (NYSE:RLI) replaced W.R. Berkley.
"October 30, 2019",2019,added,CDAY,Ceridian,SP400MidCap,Market capitalization changes.
"October 30, 2019",2019,removed,OII,Oceaneering International,SP400MidCap,Market capitalization changes.
"October 30, 2019",2019,added,BJ,BJ's Wholesale Club,SP400MidCap,Market capitalization changes.
"October 30, 2019",2019,removed,CVET,Covetrus,SP400MidCap,Market capitalization changes.
"October 24, 2019",2019,added,FCN,FTI Consulting,SP400MidCap,Dassault Systèmes SA is acquiring Medidata Solutions in a transaction expected to be completed on or about that date pending final conditions.
"October 24, 2019",2019,removed,MDSO,Medidata Solutions,SP400MidCap,Dassault Systèmes SA is acquiring Medidata Solutions in a transaction expected to be completed on or about that date pending final conditions.
"October 18, 2019",2019,added,SEDG,SolarEdge,SP400MidCap,NASCAR Holdings Inc. acquired International Speedway.
"October 18, 2019",2019,removed,ISCA,International Speedway,SP400MidCap,NASCAR Holdings Inc. acquired International Speedway.
"October 8, 2019",2019,added,MRCY,Mercury Systems,SP400MidCap,Merck KGaAis acquiring Versum Materialsin a deal expected to be completed on or about that date pending final conditions.
"October 8, 2019",2019,removed,VSM,Versum Materials,SP400MidCap,Merck KGaAis acquiring Versum Materialsin a deal expected to be completed on or about that date pending final conditions.
"October 3, 2019",2019,added,NKTR,Nektar Therapeutics,SP400MidCap,Market capitalization change.
"October 3, 2019",2019,removed,BID,Sotheby's,SP400MidCap,Market capitalization change.
"September 26, 2019",2019,added,JEF,Jefferies Financial Group,SP400MidCap,Market capitalization changes.
"September 26, 2019",2019,removed,NVR,NVR,SP400MidCap,Market capitalization changes.
"September 26, 2019",2019,added,IIVI,II-VI,SP400MidCap,Market capitalization changes.
"September 26, 2019",2019,removed,CPE,Callon Petroleum,SP400MidCap,Market capitalization changes.
"September 18, 2019",2019,added,PK,Park Hotels & Resorts,SP400MidCap,Market capitalization changes.
"September 18, 2019",2019,removed,INGN,Inogen,SP400MidCap,Market capitalization changes.
"September 23, 2019",2019,added,SIGI,Selective Insurance Group Inc.,SP400MidCap,Market capitalization changes
"September 23, 2019",2019,removed,SIG,Signet Jewelers Ltd,SP400MidCap,Market capitalization changes
"September 23, 2019",2019,added,RGEN,Repligen,SP400MidCap,Market capitalization changes
"September 23, 2019",2019,removed,RRC,Range Resources Corp,SP400MidCap,Market capitalization changes
"September 23, 2019",2019,added,FCFS,FirstCash,SP400MidCap,Market capitalization changes
"September 23, 2019",2019,removed,TUP,Tupperware Brands Corp,SP400MidCap,Market capitalization changes
"September 23, 2019",2019,added,ETSY,Etsy,SP400MidCap,Market capitalization changes
"September 23, 2019",2019,removed,MIK,The Michaels Companies,SP400MidCap,Market capitalization changes
"September 23, 2019",2019,added,PPC,Pilgrim's Pride,SP400MidCap,Market capitalization changes
"September 23, 2019",2019,removed,QEP,QEP Resources,SP400MidCap,Market capitalization changes
"September 23, 2019",2019,added,KAR,KAR Auction Services,SP400MidCap,Market capitalization changes
"September 23, 2019",2019,removed,VAL,Valaris Limited,SP400MidCap,Market capitalization changes
"September 23, 2019",2019,added,AM,Antero Midstream,SP400MidCap,Market capitalization changes
"September 23, 2019",2019,removed,MDR,McDermott International,SP400MidCap,Market capitalization changes
"September 23, 2019",2019,added,OC,Owens Corning,SP400MidCap,Market capitalization changes
"September 23, 2019",2019,removed,CARS,Cars.com,SP400MidCap,Market capitalization changes
"September 23, 2019",2019,added,PEN,"Penumbra, Inc.",SP400MidCap,Market capitalization changes
"September 23, 2019",2019,removed,MNK,Mallinckrodt,SP400MidCap,Market capitalization changes
"August 9, 2019",2019,added,GRUB,Grubhub,SP400MidCap,Market capitalization
"August 9, 2019",2019,removed,LDOS,Leidos Holdings,SP400MidCap,Market capitalization
"August 9, 2019",2019,added,FL,Foot Locker,SP400MidCap,Market capitalization
"August 9, 2019",2019,removed,IEX,IDEX Corp.,SP400MidCap,Market capitalization
"August 1, 2019",2019,added,TTEK,Tetra Tech,SP400MidCap,Chemical Financial Corp. (NASD: CHFC) acquired TCF Financial Corporation and was renamed TCF Financial Corporation
"August 1, 2019",2019,removed,CHFC,Chemical Financial,SP400MidCap,Chemical Financial Corp. (NASD: CHFC) acquired TCF Financial Corporation and was renamed TCF Financial Corporation
"July 9, 2019",2019,added,SRC,Spirit Realty,SP400MidCap,Market capitalization
"July 9, 2019",2019,removed,SM,SM Energy,SP400MidCap,Market capitalization
"July 1, 2019",2019,added,AAXN,Axon Enterprise,SP400MidCap,MarketAxess Holdings Inc. (NASD:MKTX) will replace L3 Technologies Inc. (NYSE:LLL) in the S&P 500.
"July 1, 2019",2019,removed,MKTX,MarketAxess,SP400MidCap,MarketAxess Holdings Inc. (NASD:MKTX) will replace L3 Technologies Inc. (NYSE:LLL) in the S&P 500.
"June 7, 2019",2019,added,MAT,Mattel,SP400MidCap,Amcor Limited (ASX: AMC) is merging with Bemis.
"June 7, 2019",2019,removed,BMS,Bemis Company,SP400MidCap,Amcor Limited (ASX: AMC) is merging with Bemis.
"June 4, 2019",2019,added,FLR,Fluor,SP400MidCap,Fluor has a market capitalization more representative of the mid-cap market space.
"June 4, 2019",2019,removed,RLGY,Realogy,SP400MidCap,Fluor has a market capitalization more representative of the mid-cap market space.
"May 7, 2019",2019,added,EGP,EastGroup Properties,SP400MidCap,Hellman & Friedman acquired Ultimate Software Group.
"May 7, 2019",2019,removed,ULTI,Ultimate Software Group,SP400MidCap,Hellman & Friedman acquired Ultimate Software Group.
"April 11, 2019",2019,added,SMTC,Semtech,SP400MidCap,CommScope Holding Company Inc.(NASD:COMM) acquired ARRIS International.
"April 11, 2019",2019,removed,ARRS,Arris International,SP400MidCap,CommScope Holding Company Inc.(NASD:COMM) acquired ARRIS International.
"April 11, 2019",2019,added,PSB,PS Business Parks,SP400MidCap,S&P MidCap 400 constituent Ensco plc (NYSE:ESV) is acquiring Rowan Companies.
"April 11, 2019",2019,removed,RDC,Rowan Companies,SP400MidCap,S&P MidCap 400 constituent Ensco plc (NYSE:ESV) is acquiring Rowan Companies.
"April 3, 2019",2019,added,BHF,Brighthouse Financial,SP400MidCap,Pitney Bowes will replace Carbo Ceramics Inc. (NYSE:CRR) in the S&P SmallCap 600.
"April 3, 2019",2019,removed,PBI,Pitney Bowes,SP400MidCap,Pitney Bowes will replace Carbo Ceramics Inc. (NYSE:CRR) in the S&P SmallCap 600.
"April 1, 2019",2019,added,TREX,"Trex Company, Inc.",SP400MidCap,Renesas Electronics Corp. acquired Integrated Device Technology.
"April 1, 2019",2019,removed,IDTI,Integrated Device Technology,SP400MidCap,Renesas Electronics Corp. acquired Integrated Device Technology.
"March 22, 2019",2019,added,FFIN,First Financial,SP400MidCap,Fifth Third Bancorp (NASD: FITB) is acquiring MB Financial.
"March 22, 2019",2019,removed,MBFI,MB Financial,SP400MidCap,Fifth Third Bancorp (NASD: FITB) is acquiring MB Financial.
"March 18, 2019",2019,added,CFX,Colfax,SP400MidCap,Colfax Corp. (NYSE:CFX) will replace and Big Lots Inc. (NYSE:BIG) in the S&P MidCap 400.
"March 18, 2019",2019,removed,BIG,Big Lots,SP400MidCap,Colfax Corp. (NYSE:CFX) will replace and Big Lots Inc. (NYSE:BIG) in the S&P MidCap 400.
"March 18, 2019",2019,added,NGVT,Ingevity,SP400MidCap,TransDigm Group Inc. (NYSE:TDG) is acquiring Esterline Technologies.
"March 18, 2019",2019,removed,ESL,Esterline Technologies,SP400MidCap,TransDigm Group Inc. (NYSE:TDG) is acquiring Esterline Technologies.
"March 18, 2019",2019,added,XPO,"XPO, Inc.",SP400MidCap,Diamond Offshore Drilling will replace Maiden Holding Ltd. (NASD:MHLD) in the S&P SmallCap 600.
"March 18, 2019",2019,removed,DO,Diamond Offshore Drilling,SP400MidCap,Diamond Offshore Drilling will replace Maiden Holding Ltd. (NASD:MHLD) in the S&P SmallCap 600.
"February 27, 2019",2019,added,GT,Goodyear Tire & Rubber,SP400MidCap,The Goodyear Tire & Rubber will replace Wabtec in the S&P MidCap 400.
"February 27, 2019",2019,removed,WAB,Wabtec,SP400MidCap,The Goodyear Tire & Rubber will replace Wabtec in the S&P MidCap 400.
"February 21, 2019",2019,added,AMED,Amedisys,SP400MidCap,Apollo Global Management (NYSE: APO) is acquiring Aspen Insurance Holdings.
"February 21, 2019",2019,removed,AHL,Aspen Insurance Holdings,SP400MidCap,Apollo Global Management (NYSE: APO) is acquiring Aspen Insurance Holdings.
"February 11, 2019",2019,added,CVET,Covetrus,SP400MidCap,Cannae Holdings Inc. (CNNE) is acquiring Dun & Bradstreet.
"February 11, 2019",2019,removed,DNB,Dun & Bradstreet Corp,SP400MidCap,Cannae Holdings Inc. (CNNE) is acquiring Dun & Bradstreet.
"February 6, 2019",2019,added,BRX,Brixmor Property Group,SP400MidCap,CenterPoint Energy Inc. (NYSE:CNP)is acquiring Vectren.
"February 6, 2019",2019,removed,VVC,Vectren,SP400MidCap,CenterPoint Energy Inc. (NYSE:CNP)is acquiring Vectren.
"February 4, 2019",2019,added,CZR,Caesars Entertainment,SP400MidCap,Dril-Quip will replace Essendant Inc. (NASD:ESND) in the S&P SmallCap 600.
"February 4, 2019",2019,removed,DRQ,Dril-Quip,SP400MidCap,Dril-Quip will replace Essendant Inc. (NASD:ESND) in the S&P SmallCap 600.
"January 18, 2019",2019,added,GDOT,Green Dot,SP400MidCap,TeleflexInc.(NYSE:TFX) will replace PG&E Corp.(NYSE:PCG) in the S&P 500.
"January 18, 2019",2019,removed,TFX,Teleflex,SP400MidCap,TeleflexInc.(NYSE:TFX) will replace PG&E Corp.(NYSE:PCG) in the S&P 500.
"December 12, 2018",2018,added,YELP,Yelp,SP400MidCap,Gulfport Energy Corp.(NASD:GPOR) will replace OclaroInc. (NASD: OCLR) in the S&P SmallCap 600.
"December 12, 2018",2018,removed,GPOR,Gulfport Energy Corp,SP400MidCap,Gulfport Energy Corp.(NASD:GPOR) will replace OclaroInc. (NASD: OCLR) in the S&P SmallCap 600.
"December 10, 2018",2018,added,OLED,Universal Display,SP400MidCap,Nabors Industries Ltd. (NYSE: NBR) will replace Sonic Corp. (NASD: SONC) in the S&P SmallCap 600.
"December 10, 2018",2018,removed,NBR,Nabors Industries,SP400MidCap,Nabors Industries Ltd. (NYSE: NBR) will replace Sonic Corp. (NASD: SONC) in the S&P SmallCap 600.
"December 3, 2018",2018,added,PEB,Pebblebrook Hotel Trust,SP400MidCap,Pebblebrook Hotel Trust is acquiring LaSalle Hotel Properties.
"December 3, 2018",2018,removed,LHO,LaSalle Hotel Properties,SP400MidCap,Pebblebrook Hotel Trust is acquiring LaSalle Hotel Properties.
"December 3, 2018",2018,added,SRCL,Stericycle,SP400MidCap,Stericycle replaced Energen Corp. (NYSE:EGN) in the S&P MidCap 400.
"December 3, 2018",2018,removed,EGN,Energen,SP400MidCap,Stericycle replaced Energen Corp. (NYSE:EGN) in the S&P MidCap 400.
"December 3, 2018",2018,added,CACI,CACI International,SP400MidCap,CACI International Inc. replaced Lamb Weston Holdings in the S&P MidCap 400.
"December 3, 2018",2018,removed,LW,Lamb Weston Holdings,SP400MidCap,CACI International Inc. replaced Lamb Weston Holdings in the S&P MidCap 400.
"November 14, 2018",2018,removed,SPN,Superior Energy Services,SP400MidCap,Superior Energy Services Inc. (NYSE: SPN) was removed from the S&P MidCap 400 and added to the S&P SmallCap 600.
"November 13, 2018",2018,added,LGND,Ligand Pharmaceuticals,SP400MidCap,Keysight replaced CA Inc. in the S&P 500.
"November 13, 2018",2018,removed,KEYS,Keysight Technologies,SP400MidCap,Keysight replaced CA Inc. in the S&P 500.
"November 13, 2018",2018,added,EQT,EQT Corporation,SP400MidCap,EQT replaced Jack Henry & Associates in the S&P MidCap 400.
"November 13, 2018",2018,removed,JKHY,Jack Henry & Associates,SP400MidCap,EQT replaced Jack Henry & Associates in the S&P MidCap 400.
"November 13, 2018",2018,added,ETRN,Equitrans Midstream,SP400MidCap,Equitrans Midstream Corp. was added to the S&P MidCap 400.
"November 12, 2018",2018,added,MTZ,MasTec,SP400MidCap,United Natural Foods will replace MiMedx Group Inc. (NASD: MDXG) in the S&P SmallCap 600.
"November 12, 2018",2018,removed,UNFI,United Natural Foods,SP400MidCap,United Natural Foods will replace MiMedx Group Inc. (NASD: MDXG) in the S&P SmallCap 600.
"November 6, 2018",2018,added,NSP,Insperity,SP400MidCap,Insperity will replace LifePointHealth Inc.
"November 6, 2018",2018,removed,LPNT,LifePoint Health Inc.,SP400MidCap,Insperity will replace LifePointHealth Inc.
"October 11, 2018",2018,added,ASGN,ASGN Inc.,SP400MidCap,Fortinet replaced Envision Healthcare Corp. in the S&P 500.
"October 11, 2018",2018,removed,FTNT,Fortinet,SP400MidCap,Fortinet replaced Envision Healthcare Corp. in the S&P 500.
"October 10, 2018",2018,added,PENN,Penn National Gaming,SP400MidCap,S&P MidCap 400 constituent SYNNEX Corporation acquired Convergys.
"October 10, 2018",2018,removed,CVG,Convergys,SP400MidCap,S&P MidCap 400 constituent SYNNEX Corporation acquired Convergys.
"September 20, 2018",2018,added,RLGY,Realogy,SP400MidCap,Greystar Real Estate Partners acquired Education Realty Trust.
"September 20, 2018",2018,removed,EDR,Education Realty Trust,SP400MidCap,Greystar Real Estate Partners acquired Education Realty Trust.
"September 18, 2018",2018,added,WTW,Weight Watchers,SP400MidCap,S&P 500 constituent Boeing acquired KLX.
"September 18, 2018",2018,removed,KLXI,KLX Inc.,SP400MidCap,S&P 500 constituent Boeing acquired KLX.
"September 17, 2018",2018,added,HQY,HealthEquity,SP400MidCap,"WellCare Health Plans, Inc. replaced XL Group (NYSE: XL) in the S&P 500."
"September 17, 2018",2018,removed,WCG,WellCare,SP400MidCap,"WellCare Health Plans, Inc. replaced XL Group (NYSE: XL) in the S&P 500."
"September 4, 2018",2018,added,VAC,Marriott Vacations Worldwide,SP400MidCap,Marriott Vacations Worldwide acquired ILG.
"September 4, 2018",2018,removed,ILG,"ILG, Inc.",SP400MidCap,Marriott Vacations Worldwide acquired ILG.
"August 22, 2018",2018,added,ADNT,Adient,SP400MidCap,S&P 500 constituent ProLogis Inc. acquired DCT Industrial Trust.
"August 22, 2018",2018,removed,DCT,DCT Industrial Trust,SP400MidCap,S&P 500 constituent ProLogis Inc. acquired DCT Industrial Trust.
"August 20, 2018",2018,added,ERI,Eldorado Resorts,SP400MidCap,Francisco Partners acquired VeriFone Systems.
"August 20, 2018",2018,removed,PAY,VeriFone,SP400MidCap,Francisco Partners acquired VeriFone Systems.
"August 1, 2018",2018,added,WWE,World Wrestling Entertainment,SP400MidCap,S&P 500 constituent Welltower Inc. (NYSE:WELL) acquired Quality Care Properties.
"August 1, 2018",2018,removed,QCP,Quality Care Properties,SP400MidCap,S&P 500 constituent Welltower Inc. (NYSE:WELL) acquired Quality Care Properties.
"July 11, 2018",2018,added,VC,Visteon,SP400MidCap,AltaGas Ltd. (TSX:ALA) acquired WGL Holdings.
"July 11, 2018",2018,removed,WGL,WGL Holdings,SP400MidCap,AltaGas Ltd. (TSX:ALA) acquired WGL Holdings.
"July 2, 2018",2018,added,EXEL,Exelixis,SP400MidCap,Copart replaced Dr Pepper Snapple Group Inc. (NYSE: DPS) in the S&P 500.
"July 2, 2018",2018,removed,CPRT,Copart,SP400MidCap,Copart replaced Dr Pepper Snapple Group Inc. (NYSE: DPS) in the S&P 500.
"June 18, 2018",2018,added,AYI,Acuity Brands,SP400MidCap,Market capitalization changes
"June 18, 2018",2018,removed,HFC,HollyFrontier,SP400MidCap,Market capitalization changes
"June 18, 2018",2018,added,RRC,Range Resources,SP400MidCap,Market capitalization changes
"June 18, 2018",2018,removed,BR,Broadridge Financial Solutions,SP400MidCap,Market capitalization changes
"June 18, 2018",2018,added,CHE,Chemed Corp.,SP400MidCap,Market capitalization changes
"June 18, 2018",2018,removed,ENDP,Endo International,SP400MidCap,Market capitalization changes
"June 18, 2018",2018,added,HAE,Haemonetics,SP400MidCap,Market capitalization changes
"June 18, 2018",2018,removed,CTB,Cooper Tire & Rubber Co.,SP400MidCap,Market capitalization changes
"June 11, 2018",2018,added,OLLI,Ollie's Bargain Outlet,SP400MidCap,S&P 500 constituent Northrop Grumman Corp. (NYSE: NOC) acquired Orbital ATK.
"June 11, 2018",2018,removed,OA,Orbital ATK,SP400MidCap,S&P 500 constituent Northrop Grumman Corp. (NYSE: NOC) acquired Orbital ATK.
"June 5, 2018",2018,added,NAVI,Navient Corp.,SP400MidCap,Navient had a market capitalization closer to the mid-cap market space.
"June 5, 2018",2018,removed,WR,Westar Energy (renamed Evergy),SP400MidCap,Navient had a market capitalization closer to the mid-cap market space.
"June 5, 2018",2018,added,IART,Integra LifeSciences,SP400MidCap,Westar Energy acquired Great Plains Energy which moved the combined company to the S&P 500.
"June 5, 2018",2018,removed,GXP,Great Plains Energy,SP400MidCap,Westar Energy acquired Great Plains Energy which moved the combined company to the S&P 500.
"May 31, 2018",2018,added,WYND,Wyndham Destinations,SP400MidCap,S&P 500 constituent Microchip Technology Inc. (NASD:MCHP) acquired Microsemi.
"May 31, 2018",2018,removed,MSCC,Microsemi,SP400MidCap,S&P 500 constituent Microchip Technology Inc. (NASD:MCHP) acquired Microsemi.
"May 31, 2018",2018,added,PRAH,PRA Health Sciences,SP400MidCap,ABIOMED Inc. replaced Wyndham Worldwide Corp. (NYSE:WYN) in the S&P 500.
"May 31, 2018",2018,removed,ABMD,Abiomed,SP400MidCap,ABIOMED Inc. replaced Wyndham Worldwide Corp. (NYSE:WYN) in the S&P 500.
"May 10, 2018",2018,added,APY,Apergy Corp.,SP400MidCap,S&P 500 constituent Dover Corp. (NYSE: DOV) spun off Apergy.
"May 10, 2018",2018,removed,DDD,3D Systems,SP400MidCap,S&P 500 constituent Dover Corp. (NYSE: DOV) spun off Apergy.
"May 10, 2018",2018,added,MDR,McDermott International,SP400MidCap,McDermott International merged with Chicago Bridge & Iron Company N.V. (NYSE: CBI).
"May 10, 2018",2018,removed,DBD,Diebold Nixdorf,SP400MidCap,McDermott International merged with Chicago Bridge & Iron Company N.V. (NYSE: CBI).
"May 2, 2018",2018,added,NVT,nVent Electric,SP400MidCap,S&P 500 constituent Pentair plc (NYSE: PNR) spun off nVent Electric.
"May 2, 2018",2018,removed,KN,Knowles Corporation,SP400MidCap,S&P 500 constituent Pentair plc (NYSE: PNR) spun off nVent Electric.
"May 1, 2018",2018,added,OAS,Oasis Petroleum,SP400MidCap,Market capitalization changes
"May 1, 2018",2018,removed,WPG,Washington Prime Group,SP400MidCap,Market capitalization changes
"April 19, 2018",2018,added,FIVE,Five Below,SP400MidCap,SS&C Technologies Holdings Inc. (NASD: SSNC) acquired DST Systems.
"April 19, 2018",2018,removed,DST,DST Systems,SP400MidCap,SS&C Technologies Holdings Inc. (NASD: SSNC) acquired DST Systems.
"April 4, 2018",2018,added,LITE,Lumentum,SP400MidCap,MSCI Inc. replaced CSRA Inc. (NYSE: CSRA) in the S&P 500.
"April 4, 2018",2018,removed,MSCI,MSCI Inc,SP400MidCap,MSCI Inc. replaced CSRA Inc. (NYSE: CSRA) in the S&P 500.
"March 26, 2018",2018,added,EVR,Evercore,SP400MidCap,S&P 500 constituent Campbell Soup Company (NYSE:CPB) acquired Snyder's-Lance.
"March 26, 2018",2018,removed,LNCE,Snyder's-Lance,SP400MidCap,S&P 500 constituent Campbell Soup Company (NYSE:CPB) acquired Snyder's-Lance.
"March 19, 2018",2018,added,SIG,Signet Jewelers,SP400MidCap,Market capitalization changes
"March 19, 2018",2018,removed,TTWO,Take-Two Interactive,SP400MidCap,Market capitalization changes
"March 19, 2018",2018,added,PDCO,Patterson Companies,SP400MidCap,Market capitalization changes
"March 19, 2018",2018,removed,SIVB,SVB Financial,SP400MidCap,Market capitalization changes
"March 19, 2018",2018,added,CHK,Chesapeake Energy,SP400MidCap,Market capitalization changes
"March 19, 2018",2018,removed,DF,Dean Foods,SP400MidCap,Market capitalization changes
"March 19, 2018",2018,added,CMD,Cantel Medical,SP400MidCap,Market capitalization changes
"March 19, 2018",2018,removed,AVP,Avon Products,SP400MidCap,Market capitalization changes
"March 19, 2018",2018,added,ICUI,ICU Medical,SP400MidCap,Market capitalization changes
"March 19, 2018",2018,removed,OMI,Owens & Minor,SP400MidCap,Market capitalization changes
"March 8, 2018",2018,added,TREE,LendingTree,SP400MidCap,Sanofi acquired Bioverativ.
"March 8, 2018",2018,removed,BIVV,Bioverativ,SP400MidCap,Sanofi acquired Bioverativ.
"March 7, 2018",2018,added,ALE,ALLETE Inc.,SP400MidCap,IPG Photonics Corp. replaced Scripps Networks Interactive Inc. (NASD: SNI) in the S&P 500.
"March 7, 2018",2018,removed,IPGP,IPG Photonics,SP400MidCap,IPG Photonics Corp. replaced Scripps Networks Interactive Inc. (NASD: SNI) in the S&P 500.
"February 13, 2018",2018,added,BYD,Boyd Gaming,SP400MidCap,S&P 500 constituent Lennar acquired CalAtlantic.
"February 13, 2018",2018,removed,CAA,CalAtlantic Homes,SP400MidCap,S&P 500 constituent Lennar acquired CalAtlantic.
"February 5, 2018",2018,added,HCSG,Healthcare Services Group,SP400MidCap,Arby's Restaurant Group acquired Buffalo Wild Wings.
"February 5, 2018",2018,removed,BWLD,Buffalo Wild Wings,SP400MidCap,Arby's Restaurant Group acquired Buffalo Wild Wings.
"January 3, 2018",2018,added,SGMS,Scientific Games,SP400MidCap,Huntington Ingalls Industries Inc. replaced C. R. Bard Inc. (NYSE:BCR) in the S&P 500.
"January 3, 2018",2018,removed,HII,Huntington Ingalls,SP400MidCap,Huntington Ingalls Industries Inc. replaced C. R. Bard Inc. (NYSE:BCR) in the S&P 500.
"January 2, 2018",2018,added,EHC,Encompass Health Corp.,SP400MidCap,S&P 400 constituent HealthSouth (NYSE: HLS) renamed Encompass Health and changed to new symbol.
"January 2, 2018",2018,removed,HLS,HealthSouth,SP400MidCap,S&P 400 constituent HealthSouth (NYSE: HLS) renamed Encompass Health and changed to new symbol.
"January 2, 2018",2018,added,IBKR,Interactive Brokers,SP400MidCap,S&P 600 constituent Interactive Brokers Group Inc. replaced Home Shopping Network Inc. (HSN) after Liberty Interactive Corp acquired HSN.
"January 2, 2018",2018,removed,HSNI,HSN Inc,SP400MidCap,S&P 600 constituent Interactive Brokers Group Inc. replaced Home Shopping Network Inc. (HSN) after Liberty Interactive Corp acquired HSN.
"December 6, 2017",2017,added,DLPH,Delphi Technologies,SP400MidCap,"S&P 500 constituent Delphi Automotive plc (NYSE: DLPH), to be renamed Aptiv plc and trade under new symbol APTV, spun off Delphi Technologies."
"December 6, 2017",2017,removed,FTR,Frontier Communications,SP400MidCap,"S&P 500 constituent Delphi Automotive plc (NYSE: DLPH), to be renamed Aptiv plc and trade under new symbol APTV, spun off Delphi Technologies."
"November 22, 2017",2017,added,MKSI,MKS Instruments,SP400MidCap,S&P 500 constituent Broadcom Limited acquired Brocade Communications Systems.
"November 22, 2017",2017,removed,BRCD,Brocade Communications,SP400MidCap,S&P 500 constituent Broadcom Limited acquired Brocade Communications Systems.
"October 2, 2017",2017,added,SIX,Six Flags,SP400MidCap,Pamplona Capital Management acquired PAREXEL.
"October 2, 2017",2017,removed,PRXL,PAREXEL,SP400MidCap,Pamplona Capital Management acquired PAREXEL.
"October 2, 2017",2017,added,STL,Sterling Bancorp,SP400MidCap,Sterling Bancorp acquired Astoria Financial.
"October 2, 2017",2017,removed,OIS,Oil States International,SP400MidCap,Sterling Bancorp acquired Astoria Financial.
"September 26, 2017",2017,added,SAFM,Sanderson Farms,SP400MidCap,Bass Pro Shops acquired Cabela's.
"September 26, 2017",2017,removed,CAB,Cabela's,SP400MidCap,Bass Pro Shops acquired Cabela's.
"September 18, 2017",2017,added,ILG,"ILG, Inc.",SP400MidCap,Cadence Design Systems replaced Staples Inc. in the S&P 500.
"September 18, 2017",2017,removed,CDNS,Cadence Design Systems,SP400MidCap,Cadence Design Systems replaced Staples Inc. in the S&P 500.
"September 18, 2017",2017,added,BCO,Brink's,SP400MidCap,Mars Inc. acquired VCA.
"September 18, 2017",2017,removed,WOOF,VCA Inc.,SP400MidCap,Mars Inc. acquired VCA.
"September 18, 2017",2017,added,CPE,Callon Petroleum,SP400MidCap,Internet Brands acquired WebMD Health.
"September 18, 2017",2017,removed,WBMD,WebMD,SP400MidCap,Internet Brands acquired WebMD Health.
"August 17, 2017",2017,added,SBRA,Sabra Health Care REIT,SP400MidCap,Sabra Health Care REIT acquired Care Capital Properties.
"August 17, 2017",2017,removed,CCP,Care Capital Properties,SP400MidCap,Sabra Health Care REIT acquired Care Capital Properties.
"August 10, 2017",2017,added,COR,CoreSite Realty,SP400MidCap,NeuStar was acquired by a private investment group led by Golden Gate Capital.
"August 10, 2017",2017,removed,NSR,Neustar,SP400MidCap,NeuStar was acquired by a private investment group led by Golden Gate Capital.
"August 8, 2017",2017,added,AN,AutoNation,SP400MidCap,Brighthouse Financial Inc. (NASD: BHF) replaced AutoNation in the S&P 500.
"August 8, 2017",2017,removed,FCN,FTI Consulting,SP400MidCap,Brighthouse Financial Inc. (NASD: BHF) replaced AutoNation in the S&P 500.
"July 26, 2017",2017,added,MNK,Mallinckrodt,SP400MidCap,Market capitalization changes
"July 26, 2017",2017,removed,RMD,ResMed,SP400MidCap,Market capitalization changes
"July 26, 2017",2017,added,MUR,Murphy Oil,SP400MidCap,Market capitalization changes
"July 26, 2017",2017,removed,PKG,Packaging Corporation of America,SP400MidCap,Market capitalization changes
"July 26, 2017",2017,added,BBBY,Bed Bath & Beyond,SP400MidCap,Market capitalization changes
"July 26, 2017",2017,removed,AOS,A.O. Smith,SP400MidCap,Market capitalization changes
"July 26, 2017",2017,added,RIG,Transocean,SP400MidCap,Market capitalization changes
"July 26, 2017",2017,removed,DRE,Duke Realty,SP400MidCap,Market capitalization changes
"July 19, 2017",2017,added,JBGS,JBG Smith,SP400MidCap,S&P 500 constituent Vornado Realty Trust (NYSE:VNO) spun off JBG SMITH Properties.
"July 19, 2017",2017,removed,CHS,Chico's FAS,SP400MidCap,S&P 500 constituent Vornado Realty Trust (NYSE:VNO) spun off JBG SMITH Properties.
"July 12, 2017",2017,added,KNX,Knight Transportation,SP400MidCap,"S&P 500 constituent Coach, Inc. (NYSE:COH) acquired Kate Spade."
"July 12, 2017",2017,removed,KATE,Kate Spade & Company,SP400MidCap,"S&P 500 constituent Coach, Inc. (NYSE:COH) acquired Kate Spade."
"July 12, 2017",2017,added,CLB,Core Laboratories,SP400MidCap,JAB Holdings B.V. acquired Panera Bread.
"July 12, 2017",2017,removed,PNRA,Panera Bread,SP400MidCap,JAB Holdings B.V. acquired Panera Bread.
"June 29, 2017",2017,added,BLKB,Blackbaud,SP400MidCap,Alimentation Couche-Tard acquired CST Brands.
"June 29, 2017",2017,removed,CST,CST Brands,SP400MidCap,Alimentation Couche-Tard acquired CST Brands.
"June 26, 2017",2017,added,MDSO,Medidata Solutions,SP400MidCap,Canadian Imperial Bank of Commerce acquired PrivateBancorp.
"June 26, 2017",2017,removed,PVTB,PrivateBancorp,SP400MidCap,Canadian Imperial Bank of Commerce acquired PrivateBancorp.
"June 19, 2017",2017,added,PNFP,Pinnacle Financial Partners,SP400MidCap,Everest Re Group Ltd replaced Mead Johnson Nutrition Co. in the S&P 500.
"June 19, 2017",2017,removed,RE,Everest Re,SP400MidCap,Everest Re Group Ltd replaced Mead Johnson Nutrition Co. in the S&P 500.
"June 19, 2017",2017,added,TDC,Teradata,SP400MidCap,Market capitalization changes
"June 19, 2017",2017,removed,ALGN,Align Technology,SP400MidCap,Market capitalization changes
"June 19, 2017",2017,added,R,Ryder System,SP400MidCap,Market capitalization changes
"June 19, 2017",2017,removed,ANSS,ANSYS Inc,SP400MidCap,Market capitalization changes
"June 2, 2017",2017,added,CARS,Cars.com,SP400MidCap,TEGNA spun off Cars.com.
"June 2, 2017",2017,removed,TIME,Time Inc.,SP400MidCap,TEGNA spun off Cars.com.
"June 2, 2017",2017,added,TGNA,"Tegna, Inc.",SP400MidCap,IHS Markit Ltd. (NASD:INFO) replaced TEGNA Inc. in the S&P 500.
"June 2, 2017",2017,removed,JCP,J. C. Penney,SP400MidCap,IHS Markit Ltd. (NASD:INFO) replaced TEGNA Inc. in the S&P 500.
"June 2, 2017",2017,added,MTDR,Matador Resources,SP400MidCap,S&P 500 constituent Tesoro Corp. (NYSE:TSO) acquired Western Refining.
"June 2, 2017",2017,removed,WNR,Western Refining,SP400MidCap,S&P 500 constituent Tesoro Corp. (NYSE:TSO) acquired Western Refining.
"June 2, 2017",2017,added,HOMB,Home BancShares,SP400MidCap,S&P 500 constituent The Sherwin-Williams Co. (NYSE:SHW) acquired Valspar.
"June 2, 2017",2017,removed,VAL,Valspar,SP400MidCap,S&P 500 constituent The Sherwin-Williams Co. (NYSE:SHW) acquired Valspar.
"May 16, 2017",2017,added,VVV,Valvoline Inc,SP400MidCap,S&P MidCap 400 constituent Ashland Global Holdings Inc. (NYSE:ASH) spun off its remaining stake in Valvoline.
"May 16, 2017",2017,removed,NE,Noble Corporation,SP400MidCap,S&P MidCap 400 constituent Ashland Global Holdings Inc. (NYSE:ASH) spun off its remaining stake in Valvoline.
"April 28, 2017",2017,added,PBF,PBF Energy,SP400MidCap,Waddell & Reed Financial replaced Stillwater Mining Co. (NYSE: SWC) in the S&P SmallCap 600.
"April 28, 2017",2017,removed,WDR,Waddell & Reed,SP400MidCap,Waddell & Reed Financial replaced Stillwater Mining Co. (NYSE: SWC) in the S&P SmallCap 600.
"April 19, 2017",2017,added,SABR,Sabre Corp,SP400MidCap,S&P 500 constituent Rockwell Collins Inc. (NYSE:COL) acquired B/E Aerospace.
"April 19, 2017",2017,removed,BEAV,B/E Aerospace,SP400MidCap,S&P 500 constituent Rockwell Collins Inc. (NYSE:COL) acquired B/E Aerospace.
"April 12, 2017",2017,added,UBSI,United Bankshares,SP400MidCap,Danone SA acquired WhiteWave Foods.
"April 12, 2017",2017,removed,WWAV,WhiteWave Foods,SP400MidCap,Danone SA acquired WhiteWave Foods.
"April 6, 2017",2017,added,ACHC,Acadia Healthcare,SP400MidCap,Komatsu Limited acquired Joy Global.
"April 6, 2017",2017,removed,JOY,Joy Global,SP400MidCap,Komatsu Limited acquired Joy Global.
"April 5, 2017",2017,added,DNB,Dun & Bradstreet,SP400MidCap,Gartner Inc. replaced The Dun & Bradstreet Corp. in the S&P 500.
"April 5, 2017",2017,removed,IT,Gartner,SP400MidCap,Gartner Inc. replaced The Dun & Bradstreet Corp. in the S&P 500.
"April 5, 2017",2017,added,INCR,INC Research,SP400MidCap,Gartner acquired CEB.
"April 5, 2017",2017,removed,CEB,CEB Inc.,SP400MidCap,Gartner acquired CEB.
"April 4, 2017",2017,added,SWN,Southwestern Energy,SP400MidCap,Computer Sciences Corp. replaced Southwestern Energy Co. in the S&P 500.
"April 4, 2017",2017,removed,CSC,Computer Sciences Corp.,SP400MidCap,Computer Sciences Corp. replaced Southwestern Energy Co. in the S&P 500.
"April 3, 2017",2017,added,WTFC,Wintrust Financial,SP400MidCap,Siemens Industry Inc. acquired Mentor Graphics.
"April 3, 2017",2017,removed,MENT,Mentor Graphics,SP400MidCap,Siemens Industry Inc. acquired Mentor Graphics.
"March 29, 2017",2017,added,TCBI,Texas Capital Bancshares,SP400MidCap,SOMPO Holdings Inc. acquired Endurance Specialty Holdings.
"March 29, 2017",2017,removed,ENH,Endurance Specialty Holdings,SP400MidCap,SOMPO Holdings Inc. acquired Endurance Specialty Holdings.
"March 29, 2017",2017,added,MIK,The Michaels Companies,SP400MidCap,WisdomTree Investments moved to the S&P SmallCap 600.
"March 29, 2017",2017,removed,WETF,WisdomTree Investments,SP400MidCap,WisdomTree Investments moved to the S&P SmallCap 600.
"March 20, 2017",2017,added,URBN,Urban Outfitters,SP400MidCap,Market capitalization changes
"March 20, 2017",2017,removed,AMD,Advanced Micro Devices,SP400MidCap,Market capitalization changes
"March 20, 2017",2017,added,FTR,Frontier Communications,SP400MidCap,Market capitalization changes
"March 20, 2017",2017,removed,RJF,Raymond James Financial,SP400MidCap,Market capitalization changes
"March 20, 2017",2017,added,FSLR,First Solar,SP400MidCap,Market capitalization changes
"March 20, 2017",2017,removed,ARE,Alexandria Real Estate Equities,SP400MidCap,Market capitalization changes
"March 20, 2017",2017,added,TTWO,Take-Two Interactive,SP400MidCap,Market capitalization changes
"March 20, 2017",2017,removed,FOSL,Fossil Group,SP400MidCap,Market capitalization changes
"March 20, 2017",2017,added,MASI,Masimo,SP400MidCap,Market capitalization changes
"March 20, 2017",2017,removed,DNR,Denbury Resources,SP400MidCap,Market capitalization changes
"March 20, 2017",2017,added,COHR,"Coherent, Inc.",SP400MidCap,Market capitalization changes
"March 20, 2017",2017,removed,VSTO,Vista Outdoor,SP400MidCap,Market capitalization changes
"March 16, 2017",2017,added,GEO,GEO Group,SP400MidCap,Synopsys Inc. replaced Harman International Industries Inc. (NYSE:HAR) in the S&P 500.
"March 16, 2017",2017,removed,SNPS,Synopsys,SP400MidCap,Synopsys Inc. replaced Harman International Industries Inc. (NYSE:HAR) in the S&P 500.
"March 2, 2017",2017,added,ENDP,Endo International,SP400MidCap,Regency Centers acquired Equity One. S&P MidCap 400 constituent Regency Centers Corp. (NYSE:REG) replaced Endo International plc (NASD:ENDP) in the S&P 500.
"March 2, 2017",2017,removed,REG,Regency Centers,SP400MidCap,Regency Centers acquired Equity One. S&P MidCap 400 constituent Regency Centers Corp. (NYSE:REG) replaced Endo International plc (NASD:ENDP) in the S&P 500.
"March 2, 2017",2017,added,NUS,Nu Skin,SP400MidCap,Equity One acquired by Regency Centers.
"March 2, 2017",2017,removed,EQY,Equity One,SP400MidCap,Equity One acquired by Regency Centers.
"March 1, 2017",2017,added,PBI,Pitney Bowes,SP400MidCap,"CBOE acquired Bats Global Markets Inc. (BATS:BATS). Post acquisition, CBOE Holdings Inc. (NASD:CBOE) will replace Pitney Bowes Inc. (NYSE:PBI) in the S&P 500."
"March 1, 2017",2017,removed,CBOE,CBOE Holdings,SP400MidCap,"CBOE acquired Bats Global Markets Inc. (BATS:BATS). Post acquisition, CBOE Holdings Inc. (NASD:CBOE) will replace Pitney Bowes Inc. (NYSE:PBI) in the S&P 500."
"March 1, 2017",2017,added,CONE,CyrusOne,SP400MidCap,S&P 500 constituent Parker-Hannifin Corp. (NYSE:PH) acquired CLARCOR.
"March 1, 2017",2017,removed,CLC,CLARCOR Inc.,SP400MidCap,S&P 500 constituent Parker-Hannifin Corp. (NYSE:PH) acquired CLARCOR.
"February 28, 2017",2017,added,DDS,Dillard's,SP400MidCap,Renesas Electronics acquired Intersil.
"February 28, 2017",2017,removed,ISIL,Intersil,SP400MidCap,Renesas Electronics acquired Intersil.
"February 13, 2017",2017,added,CTB,Cooper Tire & Rubber,SP400MidCap,NASDAQ announced that comScore will be delisted from its exchange due to non-compliance.
"February 13, 2017",2017,removed,SCOR,comScore,SP400MidCap,NASDAQ announced that comScore will be delisted from its exchange due to non-compliance.
"February 3, 2017",2017,added,BIVV,Bioverativ,SP400MidCap,S&P 100 & 500 constituent Biogen Inc. (NASD: BIIB) spun off Bioverativ. RH replaced Ciber Inc. (NYSE:CBR) in the S&P SmallCap 600.
"February 3, 2017",2017,removed,RH,Restoration Hardware,SP400MidCap,S&P 100 & 500 constituent Biogen Inc. (NASD: BIIB) spun off Bioverativ. RH replaced Ciber Inc. (NYSE:CBR) in the S&P SmallCap 600.
"February 2, 2017",2017,added,LOGM,LogMeIn,SP400MidCap,"S&P 500 constituent Citrix Systems (NASD: CTXS) spun-off GetGo Inc., which was immediately acquired by LogMeIn."
"February 2, 2017",2017,removed,TGI,Triumph Group,SP400MidCap,"S&P 500 constituent Citrix Systems (NASD: CTXS) spun-off GetGo Inc., which was immediately acquired by LogMeIn."
"January 4, 2017",2017,added,CC,Chemours,SP400MidCap,"S&P 100 & 500 constituent Abbott Laboratories (NYSE:ABT) acquired St. Jude Medical. S&P MidCap 400 constituent IDEXX Laboratories, Inc. (NASD:IDXX) replaced St. Jude Medical, Inc. (NYSE:STJ) in the S&P 500."
"January 4, 2017",2017,removed,IDXX,IDEXX Laboratories,SP400MidCap,"S&P 100 & 500 constituent Abbott Laboratories (NYSE:ABT) acquired St. Jude Medical. S&P MidCap 400 constituent IDEXX Laboratories, Inc. (NASD:IDXX) replaced St. Jude Medical, Inc. (NYSE:STJ) in the S&P 500."
"December 6, 2016",2016,added,UMBF,UMB Financial,SP400MidCap,Tianjin Tianhai Investment Company Ltd acquired Ingram Micro.
"December 6, 2016",2016,removed,IM,Ingram Micro,SP400MidCap,Tianjin Tianhai Investment Company Ltd acquired Ingram Micro.
"December 6, 2016",2016,added,GMED,Globus Medical,SP400MidCap,Riverstone Holdings LLC acquired Talen Energy.
"December 6, 2016",2016,removed,TLN,Talen Energy,SP400MidCap,Riverstone Holdings LLC acquired Talen Energy.
"December 1, 2016",2016,added,OI,Owens-Illinois,SP400MidCap,OI replaces MAA. Owens-Illinois is ranked near the bottom of the S&P 500 and has a market capitalization more representative of the mid-cap market space.
"December 1, 2016",2016,removed,MAA,Mid-America Apartments,SP400MidCap,OI replaces MAA. Owens-Illinois is ranked near the bottom of the S&P 500 and has a market capitalization more representative of the mid-cap market space.
"December 1, 2016",2016,added,PZZA,Papa John's Intl,SP400MidCap,"S&P SmallCap 600 constituent Papa John's International Inc. (NASD: PZZA) will replace Post Properties Inc. (NYSE: PPS) in the S&P MidCap 400, and Wingstop Inc. (NASD: WING) will replace Papa John's International in the S&P SmallCap 600. Mid-America Apartment Communities is acquiring Post Properties"
"December 1, 2016",2016,removed,PPS,Post Properties,SP400MidCap,"S&P SmallCap 600 constituent Papa John's International Inc. (NASD: PZZA) will replace Post Properties Inc. (NYSE: PPS) in the S&P MidCap 400, and Wingstop Inc. (NASD: WING) will replace Papa John's International in the S&P SmallCap 600. Mid-America Apartment Communities is acquiring Post Properties"
"December 1, 2016",2016,added,LM,Legg Mason,SP400MidCap,"AmSurg Corp. (NASD: AMSG) will replace Legg Mason Inc. (NYSE: LM) in the S&P 500, and Legg Mason will replace AmSurg in the S&P MidCap 400. AmSurg is acquiring Envision Healthcare Holdings Inc. (NYSE: EVHC). Post merger, AmSurg will change its name to Envision Healthcare Corporation. Legg Mason is ranked near the bottom of the S&P 500 and has a market capitalization more representative of the mid-cap market space."
"December 1, 2016",2016,removed,AMSG,AmSurg Corp,SP400MidCap,"AmSurg Corp. (NASD: AMSG) will replace Legg Mason Inc. (NYSE: LM) in the S&P 500, and Legg Mason will replace AmSurg in the S&P MidCap 400. AmSurg is acquiring Envision Healthcare Holdings Inc. (NYSE: EVHC). Post merger, AmSurg will change its name to Envision Healthcare Corporation. Legg Mason is ranked near the bottom of the S&P 500 and has a market capitalization more representative of the mid-cap market space."
"November 28, 2016",2016,added,LFUS,Littelfuse,SP400MidCap,Apex Technology and PAG Asia Capital acquired Lexmark International.
"November 28, 2016",2016,removed,LXK,Lexmark International,SP400MidCap,Apex Technology and PAG Asia Capital acquired Lexmark International.
"November 10, 2016",2016,added,LW,Lamb Weston Holdings,SP400MidCap,S&P 500 constituent ConAgra Foods Inc. (NYSE: CAG) spun off Lamb Weston Holdings.
"November 10, 2016",2016,removed,ASNA,Ascena Retail Group,SP400MidCap,S&P 500 constituent ConAgra Foods Inc. (NYSE: CAG) spun off Lamb Weston Holdings.
"November 3, 2016",2016,added,HLS,HealthSouth,SP400MidCap,Apollo Global Management LLC acquired Rackspace Hosting.
"November 3, 2016",2016,removed,RAX,Rackspace,SP400MidCap,Apollo Global Management LLC acquired Rackspace Hosting.
"November 1, 2016",2016,added,QCP,Quality Care Properties,SP400MidCap,S&P 500 constituent HCP Inc. (NYSE: HCP) is spinning off Quality Care Properties.
"November 1, 2016",2016,removed,GES,Guess? Inc,SP400MidCap,S&P 500 constituent HCP Inc. (NYSE: HCP) is spinning off Quality Care Properties.
"October 5, 2016",2016,added,CUZ,Cousins Properties,SP400MidCap,Cousins Properties is acquiring Parkway Properties. Community Health Systems is ranked near the bottom of the S&P MidCap 400.
"October 5, 2016",2016,removed,CYH,Community Health Systems,SP400MidCap,Cousins Properties is acquiring Parkway Properties. Community Health Systems is ranked near the bottom of the S&P MidCap 400.
"October 3, 2016",2016,added,VSM,Versum Materials,SP400MidCap,S&P 500 constituent Air Products and Chemicals Inc. (NYSE: APD) is spinning off Versum Materials. Air Products and Chemicals will remain in the S&P 500 post spin-off.
"October 3, 2016",2016,removed,ANF,Abercrombie & Fitch,SP400MidCap,S&P 500 constituent Air Products and Chemicals Inc. (NYSE: APD) is spinning off Versum Materials. Air Products and Chemicals will remain in the S&P 500 post spin-off.
"September 30, 2016",2016,added,DO,Diamond Offshore Drilling,SP400MidCap,"Siris Capital Group acquired Polycom. Coty, Inc. replaces Diamond Offshore in the S&P 500 index."
"September 30, 2016",2016,removed,PLCM,Polycom,SP400MidCap,"Siris Capital Group acquired Polycom. Coty, Inc. replaces Diamond Offshore in the S&P 500 index."
"September 27, 2016",2016,added,SBH,Sally Beauty,SP400MidCap,"R.R. Donnelly & Sons is spinning off certain operations and assets. Post spin-offs, the R.R. Donnelly & Sons stub will be more representative of the small-cap market space."
"September 27, 2016",2016,removed,RRD,RR Donnelley,SP400MidCap,"R.R. Donnelly & Sons is spinning off certain operations and assets. Post spin-offs, the R.R. Donnelly & Sons stub will be more representative of the small-cap market space."
"September 22, 2016",2016,added,NWE,NorthWestern,SP400MidCap,The Cooper Companies Inc. (NYSE: COO) replaces Starwood Hotels & Resorts Worldwide Inc. (NYSE: HOT) in the S&P 500. S&P 500 constituent Marriott International Inc. (NASD: MAR) acquires Starwood.
"September 22, 2016",2016,removed,COO,The Cooper Companies,SP400MidCap,The Cooper Companies Inc. (NYSE: COO) replaces Starwood Hotels & Resorts Worldwide Inc. (NYSE: HOT) in the S&P 500. S&P 500 constituent Marriott International Inc. (NASD: MAR) acquires Starwood.
"September 22, 2016",2016,added,NUVA,NuVasive,SP400MidCap,S&P 500 constituent Thermo Fisher Scientific Inc. (NYSE: TMO) acquired FEI.
"September 22, 2016",2016,removed,FEIC,FEI Company,SP400MidCap,S&P 500 constituent Thermo Fisher Scientific Inc. (NYSE: TMO) acquired FEI.
"September 21, 2016",2016,added,CRUS,Cirrus Logic,SP400MidCap,ON Semiconductor (NASD: ON) acquired Fairchild Semiconductor.
"September 21, 2016",2016,removed,FCS,Fairchild Semiconductor,SP400MidCap,ON Semiconductor (NASD: ON) acquired Fairchild Semiconductor.
"September 16, 2016",2016,added,CAR,Avis Budget Group,SP400MidCap,"S&P 500 constituent Dominion Resources, Inc. (NYSE: D) is acquiring Questar in a deal expected to be completed soon pending final approvals."
"September 16, 2016",2016,removed,STR,Questar,SP400MidCap,"S&P 500 constituent Dominion Resources, Inc. (NYSE: D) is acquiring Questar in a deal expected to be completed soon pending final approvals."
"September 2, 2016",2016,added,MPWR,Monolithic Power Systems,SP400MidCap,S&P MidCap 400 constituent Mettler-Toledo International Inc. (NYSE: MTD) replaced Johnson Controls Inc. (NYSE: JCI) in the S&P 500. S&P 500 constituent Tyco International plc (NYSE: TYC) acquired Johnson Controls in a merger of equals.
"September 2, 2016",2016,removed,MTD,Mettler-Toledo,SP400MidCap,S&P MidCap 400 constituent Mettler-Toledo International Inc. (NYSE: MTD) replaced Johnson Controls Inc. (NYSE: JCI) in the S&P 500. S&P 500 constituent Tyco International plc (NYSE: TYC) acquired Johnson Controls in a merger of equals.
"September 1, 2016",2016,added,CHFC,Chemical Financial (later TCF Financial Corporation),SP400MidCap,Chemical Financial acquired Talmer Bancorp.
"September 1, 2016",2016,removed,SVU,SuperValu,SP400MidCap,Chemical Financial acquired Talmer Bancorp.
"August 26, 2016",2016,added,ENS,EnerSys,SP400MidCap,S&P 500 constituent Comcast Corp (NASD: CMCSA) acquired DreamWorks Animation.
"August 26, 2016",2016,removed,DWA,DreamWorks Animation,SP400MidCap,S&P 500 constituent Comcast Corp (NASD: CMCSA) acquired DreamWorks Animation.
"August 19, 2016",2016,added,DY,Dycom Industries,SP400MidCap,S&P 500 constituent Huntington Bancshares Inc. (NASD:HBAN) acquired FirstMerit.
"August 19, 2016",2016,removed,FMER,FirstMerit,SP400MidCap,S&P 500 constituent Huntington Bancshares Inc. (NASD:HBAN) acquired FirstMerit.
"July 29, 2016",2016,added,MBFI,MB Financial,SP400MidCap,S&P 500 constituent KeyCorp acquired First Niagara Bank.
"July 29, 2016",2016,removed,FNFG,First Niagara Bank,SP400MidCap,S&P 500 constituent KeyCorp acquired First Niagara Bank.
"June 30, 2016",2016,added,EME,Emcor,SP400MidCap,Emera Inc. (TSX: EMA) is acquiring TECO Energy in a deal expected to be completed on or about that date pending final conditions.
"June 30, 2016",2016,removed,ALB,Albemarle Corporation,SP400MidCap,Emera Inc. (TSX: EMA) is acquiring TECO Energy in a deal expected to be completed on or about that date pending final conditions.
"June 30, 2016",2016,added,SWX,Southwest Gas,SP400MidCap,S&P 100 & 500 constituent Southern Co. (NYSE:SO) is acquiring AGL Resources.
"June 30, 2016",2016,removed,LNT,Alliant Energy,SP400MidCap,S&P 100 & 500 constituent Southern Co. (NYSE:SO) is acquiring AGL Resources.
"June 24, 2016",2016,added,CHDN,Churchill Downs,SP400MidCap,S&P MidCap 400 constituent Fortune Brands Home & Security Inc. (NYSE:FBHS) replaced Cablevision Systems Corp. (NYSE:CVC) in the S&P 500 index. Altice NV acquired Cablevision.
"June 24, 2016",2016,removed,FBHS,Fortune Brands Home & Security,SP400MidCap,S&P MidCap 400 constituent Fortune Brands Home & Security Inc. (NYSE:FBHS) replaced Cablevision Systems Corp. (NYSE:CVC) in the S&P 500 index. Altice NV acquired Cablevision.
"May 31, 2016",2016,added,HELE,Helen of Troy,SP400MidCap,"Progressive Waste Solutions Ltd. (TSX:BIN, NYSE: BIN) and Waste Connections are merging to form a new company called Waste Connections. ""New"" Waste Connections will be considered to be domiciled in Canada for index purposes and will be ineligible for continued inclusion in the S&P MidCap 400."
"May 31, 2016",2016,removed,WCN,Waste Connections,SP400MidCap,"Progressive Waste Solutions Ltd. (TSX:BIN, NYSE: BIN) and Waste Connections are merging to form a new company called Waste Connections. ""New"" Waste Connections will be considered to be domiciled in Canada for index purposes and will be ineligible for continued inclusion in the S&P MidCap 400."
"May 31, 2016",2016,added,BRCD,Brocade Communications,SP400MidCap,Brocade Communications Systems is acquiring Ruckus Wireless. MDC has a market capitalization more representative of the small-cap market space.
"May 31, 2016",2016,removed,MDC,MDC Holdings,SP400MidCap,Brocade Communications Systems is acquiring Ruckus Wireless. MDC has a market capitalization more representative of the small-cap market space.
"May 27, 2016",2016,added,EDR,Education Realty Trust,SP400MidCap,Coca-Cola Enterprises has merged with Coca-Cola Iberian Partners SA and Coca-Cola Erfrischungsgetränke AG to form a new company called Coca-Cola European Partners Plc.
"May 27, 2016",2016,removed,AJG,Arthur J. Gallagher & Co.,SP400MidCap,Coca-Cola Enterprises has merged with Coca-Cola Iberian Partners SA and Coca-Cola Erfrischungsgetränke AG to form a new company called Coca-Cola European Partners Plc.
"May 23, 2016",2016,added,MPW,Medical Properties Trust,SP400MidCap,S&P MidCap 400 constituent LKQ Corp. (NASD:LKQ) will replace Airgas Inc. (NYSE:ARG) in the S&P 500. Air Liquide SA acquired Airgas.
"May 23, 2016",2016,removed,LKQ,LKQ Corp,SP400MidCap,S&P MidCap 400 constituent LKQ Corp. (NASD:LKQ) will replace Airgas Inc. (NYSE:ARG) in the S&P 500. Air Liquide SA acquired Airgas.
"May 12, 2016",2016,added,TXRH,Texas Roadhouse,SP400MidCap,S&P 500 constituent Western Digital Corp. (NASD:WDC) is acquiring SanDisk Corp. in a deal expected to be completed on or about that date pending final conditions.
"May 12, 2016",2016,removed,ALK,Alaska Air Group,SP400MidCap,S&P 500 constituent Western Digital Corp. (NASD:WDC) is acquiring SanDisk Corp. in a deal expected to be completed on or about that date pending final conditions.
"May 3, 2016",2016,added,VSAT,ViaSat,SP400MidCap,"S&P MidCap 400 constituent Acuity Brands, Inc. (NYSE: AYI) will replace The ADT Corp. (NYSE: ADT) in the S&P 500. Apollo Global Management, LLC acquired The ADT Corp."
"May 3, 2016",2016,removed,AYI,Acuity Brands,SP400MidCap,"S&P MidCap 400 constituent Acuity Brands, Inc. (NYSE: AYI) will replace The ADT Corp. (NYSE: ADT) in the S&P 500. Apollo Global Management, LLC acquired The ADT Corp."
"April 22, 2016",2016,added,GME,GameStop,SP400MidCap,"Global Payments is acquiring Heartland Payment Systems. Post-merger, Global Payment's market capitalization will be more representative of the large cap market space. GameStop is ranked near the bottom of the S&P 500 and has a market capitalization that is more representative of the mid-cap market space."
"April 22, 2016",2016,removed,GPN,Global Payments Inc,SP400MidCap,"Global Payments is acquiring Heartland Payment Systems. Post-merger, Global Payment's market capitalization will be more representative of the large cap market space. GameStop is ranked near the bottom of the S&P 500 and has a market capitalization that is more representative of the mid-cap market space."
"April 18, 2016",2016,added,THC,Tenet Healthcare,SP400MidCap,"S&P 500 constituent Newell Rubbermaid Inc. (NYSE:NWL) acquired Jarden. Ulta Salon, Cosmetics & Fragrance Inc. (NASD:ULTA) replaced Tenet Healthcare Corp. (NYSE:THC) in the S&P 500."
"April 18, 2016",2016,removed,JAH,Jarden,SP400MidCap,"S&P 500 constituent Newell Rubbermaid Inc. (NYSE:NWL) acquired Jarden. Ulta Salon, Cosmetics & Fragrance Inc. (NASD:ULTA) replaced Tenet Healthcare Corp. (NYSE:THC) in the S&P 500."
"April 14, 2016",2016,added,PBH,Prestige Brands,SP400MidCap,Macquarie Infrastructure Partners acquired Cleco.
"April 14, 2016",2016,removed,CNL,CLECO,SP400MidCap,Macquarie Infrastructure Partners acquired Cleco.
"April 6, 2016",2016,added,RH,Restoration Hardware,SP400MidCap,S&P 500 constituent Microchip Technology Inc. (NASD: MCHP) acquired Atmel.
"April 6, 2016",2016,removed,ATML,Atmel,SP400MidCap,S&P 500 constituent Microchip Technology Inc. (NASD: MCHP) acquired Atmel.
"April 4, 2016",2016,added,WBMD,webMD Health,SP400MidCap,SunEdison has a market capitalization that is no longer representative of the mid-cap market space.
"April 4, 2016",2016,removed,SUNE,SunEdison,SP400MidCap,SunEdison has a market capitalization that is no longer representative of the mid-cap market space.
"April 4, 2016",2016,added,DCT,DCT Industrial Trust,SP400MidCap,S&P MidCap 400 constituent Foot Locker Inc. (NYSE:FL) replaced Cameron International Corp. (NYSE:CAM) in the S&P 500. S&P 100 & 500 constituent Schlumberger Ltd (NYSE:SLB) acquired Cameron International.
"April 4, 2016",2016,removed,FL,Foot Locker,SP400MidCap,S&P MidCap 400 constituent Foot Locker Inc. (NYSE:FL) replaced Cameron International Corp. (NYSE:CAM) in the S&P 500. S&P 100 & 500 constituent Schlumberger Ltd (NYSE:SLB) acquired Cameron International.
"March 30, 2016",2016,added,ABMD,Abiomed,SP400MidCap,Exelon acquired Pepco Holdings. Hologic moved to S&P 500 to replace Pepco Holdings.
"March 30, 2016",2016,removed,HOLX,Hologic,SP400MidCap,Exelon acquired Pepco Holdings. Hologic moved to S&P 500 to replace Pepco Holdings.
"March 30, 2016",2016,added,ESV,Ensco plc,SP400MidCap,S&P MidCap 400 constituent Centene Corp. (NYSE: CNC) replaced Ensco plc (NYSE: ESV) in the S&P 500.
"March 30, 2016",2016,removed,CNC,Centene,SP400MidCap,S&P MidCap 400 constituent Centene Corp. (NYSE: CNC) replaced Ensco plc (NYSE: ESV) in the S&P 500.
"March 30, 2016",2016,added,FR,First Industrial Realty Trust,SP400MidCap,Centene acquired Health Net.
"March 30, 2016",2016,removed,HNT,Health Net,SP400MidCap,Centene acquired Health Net.
"March 8, 2016",2016,added,NJR,New Jersey Resources,SP400MidCap,Meiji Yasuda Life Insurance Co. acquired StanCorp Financial.
"March 8, 2016",2016,removed,SFG,StanCorp Financial,SP400MidCap,Meiji Yasuda Life Insurance Co. acquired StanCorp Financial.
"March 7, 2016",2016,added,HR,Healthcare Realty Trust,SP400MidCap,S&P MidCap 400 constituent UDR Inc. (NYSE: UDR) replaced Keurig Green Mountain Inc. (NASD:GMCR) in the S&P 500. JAB Holding Company acquired Keurig Green Mountain.
"March 7, 2016",2016,removed,UDR,"UDR, Inc.",SP400MidCap,S&P MidCap 400 constituent UDR Inc. (NYSE: UDR) replaced Keurig Green Mountain Inc. (NASD:GMCR) in the S&P 500. JAB Holding Company acquired Keurig Green Mountain.
"March 4, 2016",2016,added,CNX,Consol Energy,SP400MidCap,Vista Equity Partners acquired Solera.
"March 4, 2016",2016,removed,SLH,Solera Holdings,SP400MidCap,Vista Equity Partners acquired Solera.
"March 1, 2016",2016,added,PVTB,PrivateBancorp,SP400MidCap,S&P 500 constituent Dentsply International Inc. (NASD:XRAY) acquired Sirona Dental Systems.
"March 1, 2016",2016,removed,SIRO,Sirona Dental Systems,SP400MidCap,S&P 500 constituent Dentsply International Inc. (NASD:XRAY) acquired Sirona Dental Systems.
"February 25, 2016",2016,added,LNCE,Snyder's-Lance,SP400MidCap,"Snyder's-Lance acquired Diamond Foods. California Resources had a low stock price, and its low market capitalization ranked it at the bottom of the S&P MidCap 400."
"February 25, 2016",2016,removed,CRC,California Resources,SP400MidCap,"Snyder's-Lance acquired Diamond Foods. California Resources had a low stock price, and its low market capitalization ranked it at the bottom of the S&P MidCap 400."
"February 9, 2016",2016,added,FNB,FNB Corporation,SP400MidCap,F.N.B. acquired Metro Bancorp.
"February 9, 2016",2016,removed,RCII,Rent-A-Center,SP400MidCap,F.N.B. acquired Metro Bancorp.
"February 9, 2016",2016,added,SFM,Sprouts Farmers Market,SP400MidCap,Private equity firms Silver Lake Partners and Thoma Bravo LLC acquired SolarWinds.
"February 9, 2016",2016,removed,SWI,SolarWinds,SP400MidCap,Private equity firms Silver Lake Partners and Thoma Bravo LLC acquired SolarWinds.
"February 1, 2016",2016,added,SCOR,comScore,SP400MidCap,comScore acquired Rentrak Corp. (NASD:RENT). The combined company's market capitalization will be more representative of the mid-cap market space.
"February 1, 2016",2016,removed,CC,Chemours,SP400MidCap,comScore acquired Rentrak Corp. (NASD:RENT). The combined company's market capitalization will be more representative of the mid-cap market space.
"February 1, 2016",2016,added,CW,Curtiss-Wright,SP400MidCap,S&P 500 constituent Avago Technologies Ltd. (NASD:AVGO) acquired Broadcom. S&P MidCap 400 constituent Federal Realty Investment Trust (NYSE:FRT) replaced Broadcom Corp. (NASD:BRCM) in the S&P 500.
"February 1, 2016",2016,removed,FRT,Federal Realty Investment Trust,SP400MidCap,S&P 500 constituent Avago Technologies Ltd. (NASD:AVGO) acquired Broadcom. S&P MidCap 400 constituent Federal Realty Investment Trust (NYSE:FRT) replaced Broadcom Corp. (NASD:BRCM) in the S&P 500.
"January 27, 2016",2016,added,POOL,Pool Corporation,SP400MidCap,Private equity firm Blackstone Real Estate Partners acquired BioMed Realty Trust.
"January 27, 2016",2016,removed,BMR,BioMed Realty Trust,SP400MidCap,Private equity firm Blackstone Real Estate Partners acquired BioMed Realty Trust.
"January 19, 2016",2016,added,MSCC,Microsemi,SP400MidCap,Microsemi acquired PMC-Sierra Inc. (NASD: PMCS) and the combined company's market capitalization was more representative of the mid-cap market space. Atwood Oceanics was ranked at the bottom of the S&P MidCap 400 and had a market capitalization more representative of the small-cap market space.
"January 19, 2016",2016,removed,ATW,Atwood Oceanics,SP400MidCap,Microsemi acquired PMC-Sierra Inc. (NASD: PMCS) and the combined company's market capitalization was more representative of the mid-cap market space. Atwood Oceanics was ranked at the bottom of the S&P MidCap 400 and had a market capitalization more representative of the small-cap market space.
"January 19, 2016",2016,added,EPR,EPR Properties,SP400MidCap,S&P 500 constituent ACE Ltd. (NYSE:ACE) acquired Chubb. S&P MidCap 400 constituent Extra Space Storage Inc. (NYSE:EXR) replaced The Chubb Corp. (NYSE:CB) in the S&P 500.
"January 19, 2016",2016,removed,EXR,Extra Space Storage,SP400MidCap,S&P 500 constituent ACE Ltd. (NYSE:ACE) acquired Chubb. S&P MidCap 400 constituent Extra Space Storage Inc. (NYSE:EXR) replaced The Chubb Corp. (NYSE:CB) in the S&P 500.
"January 5, 2016",2016,added,FOSL,Fossil Group,SP400MidCap,Willis Group merged with Towers Watson. The combined company replaces Fossil Group in the S&P 500.
"January 5, 2016",2016,removed,TW,Towers Watson,SP400MidCap,Willis Group merged with Towers Watson. The combined company replaces Fossil Group in the S&P 500.
"December 29, 2015",2015,added,SNX,Synnex,SP400MidCap,S&P 100 & 500 constituent Intel Corp. (NASD:INTC) acquired Altera. S&P MidCap 400 constituent Church & Dwight Co. (NYSE:CHD) replaced Altera Corp. (NASD:ALTR) in the S&P 500.
"December 29, 2015",2015,removed,CHD,Church & Dwight,SP400MidCap,S&P 100 & 500 constituent Intel Corp. (NASD:INTC) acquired Altera. S&P MidCap 400 constituent Church & Dwight Co. (NYSE:CHD) replaced Altera Corp. (NASD:ALTR) in the S&P 500.
"December 14, 2015",2015,added,JCOM,j2 Global,SP400MidCap,Solvay S.A. acquired Cytec Industries.
"December 14, 2015",2015,removed,CYT,Cytec Industries,SP400MidCap,Solvay S.A. acquired Cytec Industries.
"November 30, 2015",2015,added,CSC,Computer Sciences Corp,SP400MidCap,CSRA Inc. will be added to the S&P 500 reflecting its spin-off from Computer Sciences. CSC will be removed from the S&P 500.
"November 30, 2015",2015,removed,APOL,Apollo Education,SP400MidCap,CSRA Inc. will be added to the S&P 500 reflecting its spin-off from Computer Sciences. CSC will be removed from the S&P 500.
"November 18, 2015",2015,added,GNW,Genworth Financial,SP400MidCap,Synchrony Financial (NYSE:SYF) replaced Genworth Financial Inc. in the S&P 500.
"November 18, 2015",2015,removed,ROVI,Rovi,SP400MidCap,Synchrony Financial (NYSE:SYF) replaced Genworth Financial Inc. in the S&P 500.
"November 2, 2015",2015,added,MKTX,MarketAxess Holdings,SP400MidCap,Royal Bank of Canada (NYSE:RY) acquired City National.
"November 2, 2015",2015,removed,CYN,City National Corp,SP400MidCap,Royal Bank of Canada (NYSE:RY) acquired City National.
"July 30, 2015",2015,added,ENH,Endurance Specialty Holdings,SP400MidCap,Endurance Specialty Holdings acquired Montpelier Re Holdings.
"July 30, 2015",2015,removed,TMST,TimkenSteel,SP400MidCap,Endurance Specialty Holdings acquired Montpelier Re Holdings.
"July 8, 2015",2015,added,JACK,Jack in the Box,SP400MidCap,Dollar Tree has acquired Family Dollar Stores. Advance Auto Parts moves to S&P 500 to replace Family Dollar Stores.
"July 8, 2015",2015,removed,AAP,Advance Auto Parts,SP400MidCap,Dollar Tree has acquired Family Dollar Stores. Advance Auto Parts moves to S&P 500 to replace Family Dollar Stores.
"July 8, 2015",2015,added,WST,West Pharmaceutical Services,SP400MidCap,SS&C Technologies Holdings Inc. (NASD:SSNC) has acquired Advent Software.
"July 8, 2015",2015,removed,ADVS,Advent Software,SP400MidCap,SS&C Technologies Holdings Inc. (NASD:SSNC) has acquired Advent Software.
"July 1, 2015",2015,added,ATI,Allegheny Technologies,SP400MidCap,S&P 500 constituent NiSource Inc. (NYSE: NI) spun off Columbia Pipeline Group. NiSource will remain in the S&P 500 and Columbia Pipeline will join the S&P 500. Allegheny Technologies and Unit were ranked near or at the bottom of their current indices.
"July 1, 2015",2015,removed,UNT,Unit Corp,SP400MidCap,S&P 500 constituent NiSource Inc. (NYSE: NI) spun off Columbia Pipeline Group. NiSource will remain in the S&P 500 and Columbia Pipeline will join the S&P 500. Allegheny Technologies and Unit were ranked near or at the bottom of their current indices.
"June 30, 2015",2015,added,CC,Chemours,SP400MidCap,S&P 100 & 500 constituent E. I. du Pont de Nemours and Co. (NYSE: DD) spins off Chemours.
"June 30, 2015",2015,removed,SMTC,Semtech,SP400MidCap,S&P 100 & 500 constituent E. I. du Pont de Nemours and Co. (NYSE: DD) spins off Chemours.
"June 30, 2015",2015,added,CABO,Cable One,SP400MidCap,S&P MidCap 400 constituent Graham Holdings Company (NYSE: GHC) spins off Cable One. Graham Holdings remains in the S&P MidCap 400 following the distribution.
"June 30, 2015",2015,removed,BTU,Peabody Energy,SP400MidCap,S&P MidCap 400 constituent Graham Holdings Company (NYSE: GHC) spins off Cable One. Graham Holdings remains in the S&P MidCap 400 following the distribution.
"June 30, 2015",2015,added,EPC,Edgewell Personal Care,SP400MidCap,"S&P MidCap 400 constituent Energizer Inc. (NYSE: ENR) spins off ""new"" Energizer. Post spin, the parent company will change its name to Edgewell Personal Care Co. and trade under the symbol ""EPC"". It will remain in the S&P MidCap 400 following the distribution."
"June 30, 2015",2015,removed,HSC,Harsco,SP400MidCap,"S&P MidCap 400 constituent Energizer Inc. (NYSE: ENR) spins off ""new"" Energizer. Post spin, the parent company will change its name to Edgewell Personal Care Co. and trade under the symbol ""EPC"". It will remain in the S&P MidCap 400 following the distribution."
"June 25, 2015",2015,added,CASY,Casey's General Stores,SP400MidCap,S&P 100 & 500 constituent Verizon Corp. (NYSE: VZ) acquired AOL.
"June 25, 2015",2015,removed,AOL,AOL Inc,SP400MidCap,S&P 100 & 500 constituent Verizon Corp. (NYSE: VZ) acquired AOL.
"June 11, 2015",2015,added,WETF,WisdomTree Investments,SP400MidCap,Qorvo Inc. replaced Lorillard Inc. in the S&P 500 due to Lorillard being acquired by Reynolds American Inc.
"June 11, 2015",2015,removed,QRVO,Qorvo,SP400MidCap,Qorvo Inc. replaced Lorillard Inc. in the S&P 500 due to Lorillard being acquired by Reynolds American Inc.
"June 29, 2015",2015,added,CBRL,Cracker Barrel,SP400MidCap,Siemens AG acquired Dresser-Rand Group.
"June 29, 2015",2015,removed,DRC,Dresser-Rand Group,SP400MidCap,Siemens AG acquired Dresser-Rand Group.
"June 10, 2015",2015,added,MANH,Manhattan Associates Inc.,SP400MidCap,Life Time Fitness is now a private company.
"June 10, 2015",2015,removed,LTM,Life Time Fitness Inc.,SP400MidCap,Life Time Fitness is now a private company.
"June 1, 2015",2015,added,TLN,Talen Energy,SP400MidCap,Talen spun off by PPL Corp (NYSE:PPL); Windstream bumped due to market cap rank
"June 1, 2015",2015,removed,WIN,Windstream,SP400MidCap,Talen spun off by PPL Corp (NYSE:PPL); Windstream bumped due to market cap rank
"May 29, 2015",2015,added,OZRK,Bank of the Ozarks,SP400MidCap,S&P 500 constituent Harris Corp. (NYSE:HRS) acquired Exelis.
"May 29, 2015",2015,removed,XLS,Exelis,SP400MidCap,S&P 500 constituent Harris Corp. (NYSE:HRS) acquired Exelis.
"April 27, 2015",2015,added,DNKN,Dunkin' Brands Group Inc,SP400MidCap,Riverbed Technology acquired by group led by Thoma Bravo LLC
"April 27, 2015",2015,removed,RVBD,Riverbed Technology Inc,SP400MidCap,Riverbed Technology acquired by group led by Thoma Bravo LLC
"April 24, 2015",2015,added,CSAL,Communications Sales & Leasing,SP400MidCap,Communications Sales & Leasing spun off by Windstream Holdings; Cliffs Natural Resources removed due to market cap adjustments
"April 24, 2015",2015,removed,CLF,Cliffs Natural Resources,SP400MidCap,Communications Sales & Leasing spun off by Windstream Holdings; Cliffs Natural Resources removed due to market cap adjustments
"April 7, 2015",2015,added,CNO,CNO Financial Group,SP400MidCap,Salix Pharmaceuticals acquired by Valeant Pharmaceuticals (NYSE:VRX).
"April 7, 2015",2015,removed,SLXP,Salix Pharmaceuticals,SP400MidCap,Salix Pharmaceuticals acquired by Valeant Pharmaceuticals (NYSE:VRX).
"December 16, 2014",2014,added,KLXI,KLX,SP400MidCap,Spin-off.
"December 16, 2014",2014,removed,CVEO,Civeo,SP400MidCap,Spin-off.
"December 9, 2014",2014,added,THS,TreeHouse Foods,SP400MidCap,Acquisition.
"December 9, 2014",2014,removed,CNVR,Conversant,SP400MidCap,Acquisition.
"December 8, 2014",2014,added,IPGP,IPG Photonics,SP400MidCap,Acquisition.
"December 8, 2014",2014,removed,CPWR,Compuware,SP400MidCap,Acquisition.
"December 4, 2014",2014,added,BMS,Bemis,SP400MidCap,Acquisition.
"December 4, 2014",2014,removed,CNQR,Concur Technologies,SP400MidCap,Acquisition.
"December 4, 2014",2014,added,TYL,Tyler Technologies,SP400MidCap,Acquisition.
"December 4, 2014",2014,removed,TIBX,TIBCO Software,SP400MidCap,Acquisition.
"November 28, 2014",2014,added,CRC,California Resources,SP400MidCap,Acquisition.
"November 28, 2014",2014,removed,RYAM,Rayonier Advanced Materials,SP400MidCap,Acquisition.
"November 24, 2014",2014,added,WNR,Western Refining,SP400MidCap,Acquisition.
"November 24, 2014",2014,removed,BYI,Bally Technologies,SP400MidCap,Acquisition.
"November 4, 2014",2014,added,JBL,Jabil Circuit,SP400MidCap,Acquisition.
"November 4, 2014",2014,removed,TWTC,TW Telecom,SP400MidCap,Acquisition.
"October 31, 2014",2014,added,KEYS,Keysight Technologies,SP400MidCap,Spin-off.
"October 31, 2014",2014,removed,UVV,Universal,SP400MidCap,Spin-off.
"October 31, 2014",2014,added,HYH,Halyard Health,SP400MidCap,Spin-off.
"October 31, 2014",2014,removed,ADTN,ADTRAN,SP400MidCap,Spin-off.
"October 17, 2014",2014,added,SKT,Tanger Factory Outlet Centers,SP400MidCap,Market capitalization change.
"October 17, 2014",2014,removed,URS,URS,SP400MidCap,Market capitalization change.
"September 30, 2014",2014,added,CDK,CDK Global Inc.,SP400MidCap,Bill Barrett's market capitalization is below $1.2 billion.
"September 30, 2014",2014,removed,BBG,Bill Barrett Corporation,SP400MidCap,Bill Barrett's market capitalization is below $1.2 billion.
"September 19, 2014",2014,added,GHC,Graham Holdings,SP400MidCap,Market capitalization change.
"September 19, 2014",2014,removed,URI,United Rentals,SP400MidCap,Market capitalization change.
"September 19, 2014",2014,added,BTU,Peabody Energy,SP400MidCap,Market capitalization change.
"September 19, 2014",2014,removed,UHS,Universal Health Services,SP400MidCap,Market capitalization change.
"September 19, 2014",2014,added,CGNX,Cognex,SP400MidCap,Market capitalization change.
"September 19, 2014",2014,removed,WABC,Westamerica Bancorporation,SP400MidCap,Market capitalization change.
"September 3, 2014",2014,added,CNC,Centene,SP400MidCap,Market capitalization change.
"September 3, 2014",2014,removed,MCRS,MICROS Systems,SP400MidCap,Market capitalization change.
"August 18, 2014",2014,added,RDC,Rowan,SP400MidCap,Market capitalization change.
"August 18, 2014",2014,removed,MNK,Mallinckrodt,SP400MidCap,Market capitalization change.
"August 14, 2014",2014,added,ULTI,The Ultimate Software Group,SP400MidCap,Acquisition.
"August 14, 2014",2014,removed,HSH,The Hillshire Brands,SP400MidCap,Acquisition.
"July 1, 2014",2014,added,X,United States Steel,SP400MidCap,Market capitalization change.
"July 1, 2014",2014,removed,MLM,Martin Marietta Materials,SP400MidCap,Market capitalization change.
"June 30, 2014",2014,added,LHO,LaSalle Hotel Properties,SP400MidCap,Spin-off.
"June 30, 2014",2014,removed,AMG,Affiliated Managers Group,SP400MidCap,Spin-off.
"June 30, 2014",2014,added,TMST,TimkenSteel,SP400MidCap,Spin-off.
"June 30, 2014",2014,removed,GHL,Greenhill & Co.,SP400MidCap,Spin-off.
"June 30, 2014",2014,added,BDC,Belden,SP400MidCap,Spin-off.
"June 30, 2014",2014,removed,FNF,Fidelity National Financial,SP400MidCap,Spin-off.
"June 27, 2014",2014,added,RYAM,Rayonier Advanced Materials,SP400MidCap,Acquisition.
"June 27, 2014",2014,removed,IPI,Intrepid Potash,SP400MidCap,Acquisition.
"June 20, 2014",2014,added,IGT,International Game Technology,SP400MidCap,Market capitalization change.
"June 20, 2014",2014,removed,XEC,Cimarex Energy,SP400MidCap,Market capitalization change.
"June 20, 2014",2014,added,LYV,Live Nation Entertainment,SP400MidCap,Market capitalization change.
"June 20, 2014",2014,removed,MASI,Masimo,SP400MidCap,Market capitalization change.
"June 20, 2014",2014,added,ARRS,ARRIS Group,SP400MidCap,Market capitalization change.
"June 20, 2014",2014,removed,BCO,The Brink's Company,SP400MidCap,Market capitalization change.
"June 6, 2014",2014,added,TIME,Time Inc.,SP400MidCap,Spin-off.
"June 6, 2014",2014,removed,BOBE,Bob Evans Farms,SP400MidCap,Spin-off.
"May 30, 2014",2014,added,DNOW,NOW,SP400MidCap,Spin-off.
"May 30, 2014",2014,removed,BGC,General Cable,SP400MidCap,Spin-off.
"May 30, 2014",2014,added,CVEO,Civeo,SP400MidCap,Spin-off.
"May 30, 2014",2014,removed,MATW,Matthews International,SP400MidCap,Spin-off.
"May 28, 2014",2014,added,WPG,Washington Prime Group,SP400MidCap,Spin-off.
"May 28, 2014",2014,removed,UTIW,UTi Worldwide,SP400MidCap,Spin-off.
"April 30, 2014",2014,added,SLM,SLM,SP400MidCap,Spin-off.
"April 30, 2014",2014,removed,ANR,Alpha Natural Resources,SP400MidCap,Spin-off.
"April 30, 2014",2014,added,POL,PolyOne,SP400MidCap,Spin-off.
"April 30, 2014",2014,removed,UAA,Under Armour,SP400MidCap,Spin-off.
"April 17, 2014",2014,added,UMPQ,Umpqua Holdings,SP400MidCap,Acquisition.
"April 17, 2014",2014,removed,SGMS,Scientific Games,SP400MidCap,Acquisition.
"April 1, 2014",2014,added,CLF,Cliff Natural Resources,SP400MidCap,Acquisition.
"April 1, 2014",2014,removed,ESS,Essex Property,SP400MidCap,Acquisition.
"April 1, 2014",2014,added,FEIC,FEI Company,SP400MidCap,Acquisition.
"April 1, 2014",2014,removed,BRE,BRE Properties,SP400MidCap,Acquisition.
"March 21, 2014",2014,added,WPX,WPX Energy,SP400MidCap,Market capitalization change.
"March 21, 2014",2014,removed,GMCR,Keurig Green Mountain,SP400MidCap,Market capitalization change.
"March 21, 2014",2014,added,KATE,Kate Spade & Company,SP400MidCap,Market capitalization change.
"March 21, 2014",2014,removed,MATX,Matson,SP400MidCap,Market capitalization change.
"February 28, 2014",2014,added,KN,Knowles Corporation,SP400MidCap,Spin-off.
"February 28, 2014",2014,removed,AINV,Apollo Investment,SP400MidCap,Spin-off.
"January 31, 2014",2014,added,OGS,ONE Gas,SP400MidCap,Spin-off.
"January 31, 2014",2014,removed,VCI,Valassis Communications,SP400MidCap,Spin-off.
"January 28, 2014",2014,added,FTNT,Fortinet,SP400MidCap,Acquisition.
"January 28, 2014",2014,removed,HTSI,Harris Teeter Supermarkets,SP400MidCap,Acquisition.
"January 28, 2014",2014,added,SIRO,Sirona Dental Systems,SP400MidCap,Acquisition.
"January 28, 2014",2014,removed,HMA,Health Management Associates,SP400MidCap,Acquisition.
"January 23, 2014",2014,added,ALGN,Align Technology,SP400MidCap,Market capitalization change.
"January 23, 2014",2014,removed,TSCO,Tractor Supply,SP400MidCap,Market capitalization change.
"January 2, 2014",2014,added,RNR,RenaissanceRe Holdings,SP400MidCap,Acquisition.
"January 2, 2014",2014,removed,LPS,Lender Processing Services,SP400MidCap,Acquisition.
"December 23, 2013",2013,added,HAIN,The Hain Celestial Group,SP400MidCap,Acquisition.
"December 23, 2013",2013,removed,NVE,NV Energy,SP400MidCap,Acquisition.
"December 20, 2013",2013,added,TER,Teradyne,SP400MidCap,Market capitalization change.
"December 20, 2013",2013,removed,SCHL,Scholastic,SP400MidCap,Market capitalization change.
"December 20, 2013",2013,added,ANF,Abercrombie & Fitch,SP400MidCap,Market capitalization change.
"December 20, 2013",2013,removed,ADS,Alliance Data Systems,SP400MidCap,Market capitalization change.
"December 20, 2013",2013,added,JDSU,JDS Uniphase,SP400MidCap,Market capitalization change.
"December 20, 2013",2013,removed,MHK,Mohawk Industries,SP400MidCap,Market capitalization change.
"December 20, 2013",2013,added,ODFL,Old Dominion Freight Line,SP400MidCap,Market capitalization change.
"December 20, 2013",2013,removed,ACI,Arch Coal,SP400MidCap,Market capitalization change.
"December 20, 2013",2013,added,BC,Brunswick,SP400MidCap,Market capitalization change.
"December 20, 2013",2013,removed,RGS,Regis,SP400MidCap,Market capitalization change.
"November 4, 2013",2013,added,AOS,A.O. Smith,SP400MidCap,Acquisition.
"November 4, 2013",2013,removed,SKS,Saks,SP400MidCap,Acquisition.
"September 27, 2013",2013,added,SAIC,Science Applications International,SP400MidCap,Market capitalization change.
"September 27, 2013",2013,removed,BKS,Barnes & Noble,SP400MidCap,Market capitalization change.
"September 26, 2013",2013,added,CBST,Cubist Pharmaceuticals,SP400MidCap,Acquisition.
"September 26, 2013",2013,removed,SFD,Smithfield Foods,SP400MidCap,Acquisition.
"September 20, 2013",2013,added,AMD,Advanced Micro Devices,SP400MidCap,Market capitalization change.
"September 20, 2013",2013,removed,VRTX,Vertex Pharmaceuticals,SP400MidCap,Market capitalization change.
"September 20, 2013",2013,added,SAI,SAIC,SP400MidCap,Market capitalization change.
"September 20, 2013",2013,removed,AME,Ametek,SP400MidCap,Market capitalization change.
"August 30, 2013",2013,added,MUSA,Murphy USA,SP400MidCap,Spin-off.
"August 30, 2013",2013,removed,STRA,Strayer Education,SP400MidCap,Spin-off.
"July 30, 2013",2013,added,SLXP,Salix Pharmaceuticals,SP400MidCap,Acquisition.
"July 30, 2013",2013,removed,GDI,Gardner Denver,SP400MidCap,Acquisition.
"June 28, 2013",2013,added,APOL,Apollo Group,SP400MidCap,Spin-off.
"June 28, 2013",2013,removed,FST,Forest Oil,SP400MidCap,Spin-off.
"June 28, 2013",2013,added,MNK,Mallinckrodt,SP400MidCap,Spin-off.
"June 28, 2013",2013,removed,TLAB,Tellabs,SP400MidCap,Spin-off.
"June 21, 2013",2013,added,FHN,First Horizon National,SP400MidCap,Market capitalization change.
"June 21, 2013",2013,removed,QLGC,QLogic,SP400MidCap,Market capitalization change.
"May 30, 2013",2013,added,DPZ,Domino's Pizza,SP400MidCap,Acquisition.
"May 30, 2013",2013,removed,PXP,Plains Exploration & Production,SP400MidCap,Acquisition.
"May 23, 2013",2013,added,DF,Dean Foods,SP400MidCap,Market capitalization change.
"May 23, 2013",2013,removed,KSU,Kansas City Southern,SP400MidCap,Market capitalization change.
"May 23, 2013",2013,added,WWAV,WhiteWave Foods,SP400MidCap,Market capitalization change.
"May 23, 2013",2013,removed,KWK,Quicksilver Resources,SP400MidCap,Market capitalization change.
"May 8, 2013",2013,added,DDD,3D Systems,SP400MidCap,Market capitalization change.
"May 8, 2013",2013,removed,MAC,The Macerich Company,SP400MidCap,Market capitalization change.
"May 1, 2013",2013,added,CST,CST Brands,SP400MidCap,Spin-off.
"May 1, 2013",2013,removed,NOG,Northern Oil & Gas,SP400MidCap,Spin-off.
"April 30, 2013",2013,added,EXP,Eagle Materials,SP400MidCap,Market capitalization change.
"April 30, 2013",2013,removed,REGN,Regeneron Pharmaceuticals,SP400MidCap,Market capitalization change.
"February 28, 2013",2013,added,KRC,Kilroy Realty,SP400MidCap,Market capitalization change.
"February 28, 2013",2013,removed,JEF,Jefferies Group,SP400MidCap,Market capitalization change.
"February 12, 2013",2013,added,PRI,Primerica,SP400MidCap,Acquisition.
"February 12, 2013",2013,removed,SHAW,The Shaw Group,SP400MidCap,Acquisition.
"January 29, 2013",2013,added,EXR,Extra Space Storage,SP400MidCap,Market capitalization change.
"January 29, 2013",2013,removed,RAH,Ralcorp,SP400MidCap,Market capitalization change.
"December 31, 2012",2012,added,FII,Federated Investors,SP400MidCap,Spin-off.
"December 31, 2012",2012,removed,ESI,ITT Educational Services,SP400MidCap,Spin-off.
"December 21, 2012",2012,added,UNFI,United Natural Foods,SP400MidCap,Acquisition.
"December 21, 2012",2012,removed,AGP,AMERIGROUP,SP400MidCap,Acquisition.
"December 11, 2012",2012,added,RRD,R.R. Donnelley,SP400MidCap,Acquisition.
"December 11, 2012",2012,removed,MRX,Medicis Pharmaceutical,SP400MidCap,Acquisition.
"October 4, 2012",2012,added,CAB,Cabela's,SP400MidCap,Market capitalization change.
"October 4, 2012",2012,removed,PETM,PetSmart,SP400MidCap,Market capitalization change.
"October 1, 2012",2012,added,ANR,Alpha Natural Resources,SP400MidCap,Market capitalization change.
"October 1, 2012",2012,removed,KFY,Korn/Ferry,SP400MidCap,Market capitalization change.
"October 1, 2012",2012,added,GWR,Genesee & Wyoming,SP400MidCap,Acquisition.
"October 1, 2012",2012,removed,PSS,Collective Brands,SP400MidCap,Acquisition.
"September 28, 2012",2012,added,LXK,Lexmark,SP400MidCap,Spin-off.
"September 28, 2012",2012,removed,RSH,RadioShack,SP400MidCap,Spin-off.
"September 28, 2012",2012,added,DV,DeVry,SP400MidCap,Spin-off.
"September 28, 2012",2012,removed,PNR,Pentair,SP400MidCap,Spin-off.
"August 7, 2012",2012,added,JAH,Jarden,SP400MidCap,Acquisition.
"August 7, 2012",2012,removed,LNCR,Lincare Holdings,SP400MidCap,Acquisition.
"July 31, 2012",2012,added,SWI,SolarWinds,SP400MidCap,Acquisition.
"July 31, 2012",2012,removed,GPRO,Gen-Probe,SP400MidCap,Acquisition.
"June 29, 2012",2012,added,ALEX,Alexander & Baldwin,SP400MidCap,Spin-off.
"June 29, 2012",2012,removed,PCX,Patriot Coal,SP400MidCap,Spin-off.
"June 28, 2012",2012,added,HSH,Hillshire Brands,SP400MidCap,Spin-off.
"June 28, 2012",2012,removed,MNST,Monster Beverage,SP400MidCap,Spin-off.
"May 15, 2012",2012,added,TPX,Tempur-Pedic International,SP400MidCap,Acquisition.
"May 15, 2012",2012,removed,TNB,Thomas & Betts,SP400MidCap,Acquisition.
"April 30, 2012",2012,added,SVU,SUPERVALU,SP400MidCap,Market capitalization change.
"April 30, 2012",2012,removed,AM,American Greetings,SP400MidCap,Market capitalization change.
"March 26, 2012",2012,added,WXS,Wright Express,SP400MidCap,Market capitalization change.
"March 26, 2012",2012,removed,SUG,Southern Union,SP400MidCap,Market capitalization change.
"February 3, 2012",2012,added,POST,Post Holdings,SP400MidCap,Market capitalization change.
"February 3, 2012",2012,removed,CRK,Comstock Resources,SP400MidCap,Market capitalization change.
"January 13, 2012",2012,added,CRI,Carter's,SP400MidCap,Market capitalization change.
"January 13, 2012",2012,removed,NDN,99¢ Only Stores,SP400MidCap,Market capitalization change.
"May 19, 2026",2026,added,FG,F&G,SP600SmallCap,FG replaced MCW after it was acquired by Leonard Green & Partners.
"May 19, 2026",2026,removed,MCW,Mister Car Wash,SP600SmallCap,FG replaced MCW after it was acquired by Leonard Green & Partners.
"May 18, 2026",2026,added,FLO,Flowers Foods,SP600SmallCap,FLO replaced CSGS after it was acquired by NEC.
"May 18, 2026",2026,removed,CSGS,"CSG Systems International, Inc.",SP600SmallCap,FLO replaced CSGS after it was acquired by NEC.
"May 14, 2026",2026,added,ALHC,Alignment Healthcare,SP600SmallCap,ALHC replaced SNCY after it was acquired by Allegiant Travel Company.
"May 14, 2026",2026,removed,SNCY,Sun Country Airlines,SP600SmallCap,ALHC replaced SNCY after it was acquired by Allegiant Travel Company.
"May 14, 2026",2026,added,BFAM,Bright Horizons,SP600SmallCap,BFAM replaced TPH after it was acquired by Sumitomo Forestry.
"May 14, 2026",2026,removed,TPH,Tri Pointe Homes,SP600SmallCap,BFAM replaced TPH after it was acquired by Sumitomo Forestry.
"May 14, 2026",2026,added,RELY,Remitly,SP600SmallCap,RELY replaced APLS after it was acquired by Biogen.
"May 14, 2026",2026,removed,APLS,Apellis Pharmaceuticals,SP600SmallCap,RELY replaced APLS after it was acquired by Biogen.
"May 8, 2026",2026,added,AGNT,"eXp World Holdings, Inc.",SP600SmallCap,EXPI now trages under symbol AGNT after coprorate rebrand.
"May 8, 2026",2026,removed,EXPI,"eXp World Holdings, Inc.",SP600SmallCap,EXPI now trages under symbol AGNT after coprorate rebrand.
"May 1, 2026",2026,added,LFST,Lifestance Health,SP600SmallCap,LFST replaced GDEN after it was acquired by Vici Properties and Blake L. Sartini.
"May 1, 2026",2026,removed,GDEN,Golden Entertainment,SP600SmallCap,LFST replaced GDEN after it was acquired by Vici Properties and Blake L. Sartini.
"April 24, 2026",2026,added,EFOR,Everforth Inc.,SP600SmallCap,ASGN now trades under symbol EFOR after corporate rebrand.
"April 24, 2026",2026,removed,ASGN,ASGN Inc.,SP600SmallCap,ASGN now trades under symbol EFOR after corporate rebrand.
"April 10, 2026",2026,added,DBD,Diebold Nixdorf,SP600SmallCap,"DBD replaced SEE after it was acquired by Clayton, Dubilier & Rice."
"April 10, 2026",2026,removed,SEE,Sealed Air,SP600SmallCap,"DBD replaced SEE after it was acquired by Clayton, Dubilier & Rice."
"April 9, 2026",2026,added,BNL,Broadstone Net Lease,SP600SmallCap,"BNL replaced DOCN, which replaced Casey's in the S&P 400 after it was moved to the S&P 500."
"April 9, 2026",2026,removed,DOCN,DigitalOcean,SP600SmallCap,"BNL replaced DOCN, which replaced Casey's in the S&P 400 after it was moved to the S&P 500."
"April 9, 2026",2026,added,ATMU,Atmus Filtration Technologies,SP600SmallCap,ATMU replaced AL after it was acquired by Sumitomo Corporation.
"April 9, 2026",2026,removed,AL,Air Lease Corporation,SP600SmallCap,ATMU replaced AL after it was acquired by Sumitomo Corporation.
"April 2, 2026",2026,added,VGNT,Versigent,SP600SmallCap,VGNT was spun off from Aptiv and replaced TWI which was no longer representative of the small-cap market space.
"April 2, 2026",2026,removed,TWI,"Titan International, Inc.",SP600SmallCap,VGNT was spun off from Aptiv and replaced TWI which was no longer representative of the small-cap market space.
"March 25, 2026",2026,added,COCO,Vita Coco,SP600SmallCap,COCO replaced TGNA after it was acquired by Nexstar Media Group.
"March 25, 2026",2026,removed,TGNA,Tegna Inc.,SP600SmallCap,COCO replaced TGNA after it was acquired by Nexstar Media Group.
"March 23, 2026",2026,added,MTCH,Match Group,SP600SmallCap,MTCH was moved from the S&P 500 as it was more representative of the small cap market space. SOLS was moved to the S&P 400 as it was more representative of the mid-cap market space.
"March 23, 2026",2026,removed,SOLS,Solstice Advanced Materials,SP600SmallCap,MTCH was moved from the S&P 500 as it was more representative of the small cap market space. SOLS was moved to the S&P 400 as it was more representative of the mid-cap market space.
"March 23, 2026",2026,added,MOH,Molina Healthcare,SP600SmallCap,MOH was moved from the S&P 500 as it was more representative of the small cap market space. SITM was moved to the S&P 400 as it was more representative of the mid-cap market space.
"March 23, 2026",2026,removed,SITM,SiTime,SP600SmallCap,MOH was moved from the S&P 500 as it was more representative of the small cap market space. SITM was moved to the S&P 400 as it was more representative of the mid-cap market space.
"March 23, 2026",2026,added,LW,Lamb Weston,SP600SmallCap,LW was moved from the S&P 500 as it was more representative of the small cap market space. MOG.A was moved to the S&P 400 as it was more representative of the mid-cap market space.
"March 23, 2026",2026,removed,MOG.A,Moog Inc.,SP600SmallCap,LW was moved from the S&P 500 as it was more representative of the small cap market space. MOG.A was moved to the S&P 400 as it was more representative of the mid-cap market space.
"March 23, 2026",2026,added,PAYC,Paycom,SP600SmallCap,PAYC was moved from the S&P 500 as it was more representative of the small cap market space. IDCC was moved to the S&P 400 as it was more representative of the mid-cap market space.
"March 23, 2026",2026,removed,IDCC,InterDigital,SP600SmallCap,PAYC was moved from the S&P 500 as it was more representative of the small cap market space. IDCC was moved to the S&P 400 as it was more representative of the mid-cap market space.
"March 23, 2026",2026,added,VSEC,VSE Corporation,SP600SmallCap,VSEC replaced VICR after it was moved to the S&P 400.
"March 23, 2026",2026,removed,VICR,Vicor Corporation,SP600SmallCap,VSEC replaced VICR after it was moved to the S&P 400.
"March 23, 2026",2026,added,AGX,Argan,SP600SmallCap,AGX replaced CTRE after it was moved to the S&P 400.
"March 23, 2026",2026,removed,CTRE,CareTrust REIT,SP600SmallCap,AGX replaced CTRE after it was moved to the S&P 400.
"March 23, 2026",2026,added,RITM,Rithm Capital,SP600SmallCap,RITM replaced PLAY as it was no longer representative of the small-cap market space.
"March 23, 2026",2026,removed,PLAY,Dave & Buster's,SP600SmallCap,RITM replaced PLAY as it was no longer representative of the small-cap market space.
"March 23, 2026",2026,added,LYFT,Lyft,SP600SmallCap,LYFT replaced SXC as it was no longer representative of the small-cap market space.
"March 23, 2026",2026,removed,SXC,SunCoke Energy,SP600SmallCap,LYFT replaced SXC as it was no longer representative of the small-cap market space.
"March 23, 2026",2026,added,LAUR,Laureate Education,SP600SmallCap,LAUR replaced AHRT as it was no longer representative of the small-cap market space.
"March 23, 2026",2026,removed,AHRT,AH Realty Trust,SP600SmallCap,LAUR replaced AHRT as it was no longer representative of the small-cap market space.
"March 23, 2026",2026,added,LTH,Life Time Group Holdings,SP600SmallCap,LTH replaced INN as it was no longer representative of the small-cap market space.
"March 23, 2026",2026,removed,INN,Summit Hotel Properties,SP600SmallCap,LTH replaced INN as it was no longer representative of the small-cap market space.
"March 23, 2026",2026,added,LIF,Life360,SP600SmallCap,LIF replaced KREF as it was no longer representative of the small-cap market space.
"March 23, 2026",2026,removed,KREF,KKR Real Estate Finance Trust,SP600SmallCap,LIF replaced KREF as it was no longer representative of the small-cap market space.
"March 23, 2026",2026,added,SPHR,Sphere Entertainment,SP600SmallCap,SPHR replaced BLMN as it was no longer representative of the small-cap market space.
"March 23, 2026",2026,removed,BLMN,Bloomin' Brands,SP600SmallCap,SPHR replaced BLMN as it was no longer representative of the small-cap market space.
"March 23, 2026",2026,added,GTM,ZoomInfo,SP600SmallCap,GTM was moved from the S&P 400 as it was more representative of the small cap market space. MYGN was no longer representative of the small-cap market space.
"March 23, 2026",2026,removed,MYGN,Myriad Genetics,SP600SmallCap,GTM was moved from the S&P 400 as it was more representative of the small cap market space. MYGN was no longer representative of the small-cap market space.
"March 23, 2026",2026,added,ASGN,ASGN,SP600SmallCap,ASGN was moved from the S&P 400 as it was more representative of the small cap market space. CARS was no longer representative of the small-cap market space.
"March 23, 2026",2026,removed,CARS,Cars.com,SP600SmallCap,ASGN was moved from the S&P 400 as it was more representative of the small cap market space. CARS was no longer representative of the small-cap market space.
"March 23, 2026",2026,added,KMPR,Kemper Corporation,SP600SmallCap,KMPR was moved from the S&P 400 as it was more representative of the small cap market space. ANGI was no longer representative of the small-cap market space.
"March 23, 2026",2026,removed,ANGI,Angi Inc.,SP600SmallCap,KMPR was moved from the S&P 400 as it was more representative of the small cap market space. ANGI was no longer representative of the small-cap market space.
"March 13, 2026",2026,added,NSSC,Napco Security Technologies,SP600SmallCap,NSSC replaced ALEX after it was acquired by an investor group comprising MW Group and funds affiliated with DivcoWest and Blackstone Real Estate.
"March 13, 2026",2026,removed,ALEX,Alexander & Baldwin,SP600SmallCap,NSSC replaced ALEX after it was acquired by an investor group comprising MW Group and funds affiliated with DivcoWest and Blackstone Real Estate.
"February 12, 2026",2026,added,RNG,RingCentral,SP600SmallCap,RNG replaced HI after it was acquired by Lone Star Funds.
"February 12, 2026",2026,removed,HI,Hillenbrand,SP600SmallCap,RNG replaced HI after it was acquired by Lone Star Funds.
"February 11, 2026",2026,added,MBIN,Merchants Bancorp,SP600SmallCap,MBIN replaced THS after it was acquired by Investindustrial S.A.
"February 11, 2026",2026,removed,THS,TreeHouse Foods,SP600SmallCap,MBIN replaced THS after it was acquired by Investindustrial S.A.
"February 10, 2026",2026,added,OSW,OneSpaWorld Holdings,SP600SmallCap,OSW replaced DVAX after it was acquired by Sanofi.
"February 10, 2026",2026,removed,DVAX,Dynavax Technologies,SP600SmallCap,OSW replaced DVAX after it was acquired by Sanofi.
"February 9, 2026",2026,added,ADT,ADT Inc.,SP600SmallCap,"ADT replaced ARWR, which replaced Ciena in the S&P 400 after it was moved to the S&P 500."
"February 9, 2026",2026,removed,ARWR,Arrowhead Pharmaceuticals,SP600SmallCap,"ADT replaced ARWR, which replaced Ciena in the S&P 400 after it was moved to the S&P 500."
"February 2, 2026",2026,added,LZ,LegalZoom,SP600SmallCap,LZ replaced ELME after ELME announced ongoing liquidation activities and was no longer appropriate for the S&P 600.
"February 2, 2026",2026,removed,ELME,Elme Communities,SP600SmallCap,LZ replaced ELME after ELME announced ongoing liquidation activities and was no longer appropriate for the S&P 600.
"February 2, 2026",2026,added,APLS,Apellis Pharmaceuticals,SP600SmallCap,"APLS replaced AEIS, which replaced Comerica in the S&P 400 after it was acquired by Fifth Third Bank."
"February 2, 2026",2026,removed,AEIS,Advanced Energy,SP600SmallCap,"APLS replaced AEIS, which replaced Comerica in the S&P 400 after it was acquired by Fifth Third Bank."
"January 30, 2026",2026,added,AMRX,Amneal Pharmaceuticals,SP600SmallCap,"AMRX replaced TTMI, which replaced Civitas Resources in the S&P 400 after it was acquired by SM Energy."
"January 30, 2026",2026,removed,TTMI,TTM Technologies,SP600SmallCap,"AMRX replaced TTMI, which replaced Civitas Resources in the S&P 400 after it was acquired by SM Energy."
"January 26, 2026",2026,added,WINA,Winmark,SP600SmallCap,WINA replaced GES after it was acquired by [[Authentic Brands Group]] and the Rolling Stockholders.
"January 26, 2026",2026,removed,GES,"Guess, Inc.",SP600SmallCap,WINA replaced GES after it was acquired by [[Authentic Brands Group]] and the Rolling Stockholders.
"January 7, 2026",2026,added,VSNT,Versant Media Group,SP600SmallCap,VSNT was spun off from Comcast and replaced BDN which was no longer representative of the small-cap market space.
"January 7, 2026",2026,removed,BDN,Brandywine Realty Trust,SP600SmallCap,VSNT was spun off from Comcast and replaced BDN which was no longer representative of the small-cap market space.
"December 26, 2025",2025,added,OPLN,"OPENLANE, Inc.",SP600SmallCap,"Ticker symbol for OPENLANE, Inc. changed from KAR to OPLN."
"December 26, 2025",2025,removed,KAR,"OPENLANE, Inc.",SP600SmallCap,"Ticker symbol for OPENLANE, Inc. changed from KAR to OPLN."
"December 22, 2025",2025,added,PRIM,Primoris Services Corporation,SP600SmallCap,"PRIM replaced SPXC, which replaced Comfort Systems USA in the S&P 400 after it was moved to the S&P 500."
"December 22, 2025",2025,removed,SPXC,SPX Corporation,SP600SmallCap,"PRIM replaced SPXC, which replaced Comfort Systems USA in the S&P 400 after it was moved to the S&P 500."
"December 22, 2025",2025,removed,DY,Dycom Industries,SP600SmallCap,UA/UAA were moved from the S&P 400 as they were more representative of the small cap market space. DY was moved to the S&P 400 as it was more representative of the mid-cap market space.
"December 22, 2025",2025,added,POWI,Power Integrations,SP600SmallCap,POWI was moved from the S&P 400 as it was more representative of the small cap market space. HL was moved to the S&P 400 as it was more representative of the mid-cap market space.
"December 22, 2025",2025,removed,HL,Hecla Mining,SP600SmallCap,POWI was moved from the S&P 400 as it was more representative of the small cap market space. HL was moved to the S&P 400 as it was more representative of the mid-cap market space.
"December 22, 2025",2025,added,PRGO,Perrigo,SP600SmallCap,PRGO was moved from the S&P 400 as it was more representative of the small cap market space. RC was moved from the S&P 600 as it was no longer representative of the small cap market space.
"December 22, 2025",2025,removed,RC,Ready Capital Corp,SP600SmallCap,PRGO was moved from the S&P 400 as it was more representative of the small cap market space. RC was moved from the S&P 600 as it was no longer representative of the small cap market space.
"December 22, 2025",2025,added,IRDM,Iridium Communications,SP600SmallCap,IRDM was moved from the S&P 400 as it was more representative of the small cap market space. SITC was moved from the S&P 600 as it was no longer representative of the small cap market space.
"December 22, 2025",2025,removed,SITC,SITE Centers,SP600SmallCap,IRDM was moved from the S&P 400 as it was more representative of the small cap market space. SITC was moved from the S&P 600 as it was no longer representative of the small cap market space.
"December 22, 2025",2025,added,VAC,Marriott Vacations Worldwide,SP600SmallCap,VAC was moved from the S&P 400 as it was more representative of the small cap market space. THRY was moved from the S&P 600 as it was no longer representative of the small cap market space.
"December 22, 2025",2025,removed,THRY,Thryv,SP600SmallCap,VAC was moved from the S&P 400 as it was more representative of the small cap market space. THRY was moved from the S&P 600 as it was no longer representative of the small cap market space.
"December 22, 2025",2025,added,NSP,Insperity,SP600SmallCap,NSP was moved from the S&P 400 as it was more representative of the small cap market space. HELE was moved from the S&P 600 as it was no longer representative of the small cap market space.
"December 22, 2025",2025,removed,HELE,Helen of Troy Limited,SP600SmallCap,NSP was moved from the S&P 400 as it was more representative of the small cap market space. HELE was moved from the S&P 600 as it was no longer representative of the small cap market space.
"December 22, 2025",2025,added,CWST,Casella Waste Systems,SP600SmallCap,CWST replaced ASIX as it was no longer representative of the small-cap market space.
"December 22, 2025",2025,removed,ASIX,AdvanSix,SP600SmallCap,CWST replaced ASIX as it was no longer representative of the small-cap market space.
"December 22, 2025",2025,added,INDV,Indivior,SP600SmallCap,INDV replaced RGR as it was no longer representative of the small-cap market space.
"December 22, 2025",2025,removed,RGR,"Sturm, Ruger & Co.",SP600SmallCap,INDV replaced RGR as it was no longer representative of the small-cap market space.
"December 22, 2025",2025,added,HE,Hawaiian Electric Industries,SP600SmallCap,HE replaced MGPI as it was no longer representative of the small-cap market space.
"December 22, 2025",2025,removed,MGPI,MGP Ingredients,SP600SmallCap,HE replaced MGPI as it was no longer representative of the small-cap market space.
"December 22, 2025",2025,added,LKQ,LKQ Corporation,SP600SmallCap,LKQ was moved from the S&P 500 as it was more representative of the small cap market space. BWA was moved to the S&P 400 as it was more representative of the mid-cap market space.
"December 22, 2025",2025,removed,BWA,BorgWarner,SP600SmallCap,LKQ was moved from the S&P 500 as it was more representative of the small cap market space. BWA was moved to the S&P 400 as it was more representative of the mid-cap market space.
"December 22, 2025",2025,added,SOLS,Solstice Advanced Materials,SP600SmallCap,SOLS was moved from the S&P 500 as it was more representative of the small cap market space. CEVA was moved from the S&P 600 as it was no longer representative of the small cap market space.
"December 22, 2025",2025,removed,CEVA,"CEVA, Inc.",SP600SmallCap,SOLS was moved from the S&P 500 as it was more representative of the small cap market space. CEVA was moved from the S&P 600 as it was no longer representative of the small cap market space.
"December 22, 2025",2025,added,MHK,Mohawk Industries,SP600SmallCap,MHK was moved from the S&P 500 as it was more representative of the small cap market space. SCVL was moved from the S&P 600 as it was no longer representative of the small cap market space.
"December 22, 2025",2025,removed,SCVL,Shoe Carnival,SP600SmallCap,MHK was moved from the S&P 500 as it was more representative of the small cap market space. SCVL was moved from the S&P 600 as it was no longer representative of the small cap market space.
"December 15, 2025",2025,added,SEZL,Sezzle,SP600SmallCap,SEZL replaced VTLE after it was acquired by Crescent Energy.
"December 15, 2025",2025,removed,VTLE,Vital Energy,SP600SmallCap,SEZL replaced VTLE after it was acquired by Crescent Energy.
"December 11, 2025",2025,added,VITL,Vital Farms,SP600SmallCap,VITL replaced HSII after it was acquired by Advent International and Corvex Private Equity.
"December 11, 2025",2025,removed,HSII,Heidrick & Struggles International,SP600SmallCap,VITL replaced HSII after it was acquired by Advent International and Corvex Private Equity.
"December 2, 2025",2025,added,FIBK,First Interstate BancSystem,SP600SmallCap,FIBK replaced HBI after it was acquired by Gildan.
"December 2, 2025",2025,removed,HBI,Hanesbrands,SP600SmallCap,FIBK replaced HBI after it was acquired by Gildan.
"November 28, 2025",2025,added,PTCT,PTC Therapeutics,SP600SmallCap,"PTCT replaced SNDK, which replaced The Interpublic Group of Companies in the S&P 500 after it was acquired by Omnicom Group."
"November 28, 2025",2025,removed,SNDK,SanDisk,SP600SmallCap,"PTCT replaced SNDK, which replaced The Interpublic Group of Companies in the S&P 500 after it was acquired by Omnicom Group."
"November 28, 2025",2025,added,UPWK,Upwork,SP600SmallCap,UPWK replaced PINC after it was acquired by Patient Square Capital.
"November 28, 2025",2025,removed,PINC,Premier,SP600SmallCap,UPWK replaced PINC after it was acquired by Patient Square Capital.
"November 13, 2025",2025,added,RRR,"Red Rock Resorts, Inc.",SP600SmallCap,"RRR replaced STRL, which replaced Light & Wonder in the S&P 400 after it planned to delist from the Nasdaq Stock Market."
"November 13, 2025",2025,removed,STRL,Sterling Infrastructure,SP600SmallCap,"RRR replaced STRL, which replaced Light & Wonder in the S&P 400 after it planned to delist from the Nasdaq Stock Market."
"November 4, 2025",2025,added,EMN,Eastman Chemical Company,SP600SmallCap,EMN was moved from the S&P 500 as it was more representative of the small cap market space. CAL was removed from the S&P 600 as it was no longer representative of the small-cap market space.
"November 4, 2025",2025,removed,CAL,Caleres,SP600SmallCap,EMN was moved from the S&P 500 as it was more representative of the small cap market space. CAL was removed from the S&P 600 as it was no longer representative of the small-cap market space.
"October 31, 2025",2025,added,KMX,CarMax,SP600SmallCap,KMX was moved from the S&P 500 as it was more representative of the small cap market space. USNA was removed from the S&P 600 as it was no longer representative of the small-cap market space.
"October 31, 2025",2025,removed,USNA,USANA Health Sciences,SP600SmallCap,KMX was moved from the S&P 500 as it was more representative of the small cap market space. USNA was removed from the S&P 600 as it was no longer representative of the small-cap market space.
"October 20, 2025",2025,added,BTSG,BrightSpring Health Services,SP600SmallCap,BTSG replaced VBTX after it was acquired by Huntington Bancshares.
"October 20, 2025",2025,removed,VBTX,Veritex Holdings,SP600SmallCap,BTSG replaced VBTX after it was acquired by Huntington Bancshares.
"October 6, 2025",2025,added,WU,Western Union,SP600SmallCap,COOP was acquired by Rocket Companies. WU was moved from the S&P 400 to replace it as it was more representative of the small cap market space.
"October 6, 2025",2025,removed,COOP,Mr. Cooper,SP600SmallCap,COOP was acquired by Rocket Companies. WU was moved from the S&P 400 to replace it as it was more representative of the small cap market space.
"September 26, 2025",2025,added,ACMR,ACM Research,SP600SmallCap,ACMR replaced KLG after it was acquired by Ferrero.
"September 26, 2025",2025,removed,KLG,WK Kellogg Co,SP600SmallCap,ACMR replaced KLG after it was acquired by Ferrero.
"September 24, 2025",2025,added,REYN,Reynolds Consumer Products,SP600SmallCap,REYN replaced SPTN after it was acquired by C&S Wholesale Grocers.
"September 24, 2025",2025,removed,SPTN,SpartanNash,SP600SmallCap,REYN replaced SPTN after it was acquired by C&S Wholesale Grocers.
"September 22, 2025",2025,added,HL,Hecla Mining,SP600SmallCap,HL replaced SLP as it was no longer representative of the small-cap market space.
"September 22, 2025",2025,removed,SLP,Simulations Plus,SP600SmallCap,HL replaced SLP as it was no longer representative of the small-cap market space.
"September 22, 2025",2025,added,WAY,Waystar Holding,SP600SmallCap,WAY replaced JACK as it was no longer representative of the small-cap market space.
"September 22, 2025",2025,removed,JACK,Jack in the Box,SP600SmallCap,WAY replaced JACK as it was no longer representative of the small-cap market space.
"September 22, 2025",2025,added,QTWO,Q2 Holdings,SP600SmallCap,QTWO replaced BGS as it was no longer representative of the small-cap market space.
"September 22, 2025",2025,removed,BGS,B&G Foods,SP600SmallCap,QTWO replaced BGS as it was no longer representative of the small-cap market space.
"September 22, 2025",2025,added,NE,Noble Corporation,SP600SmallCap,NE replaced OMI as it was no longer representative of the small-cap market space.
"September 22, 2025",2025,removed,OMI,Owens & Minor,SP600SmallCap,NE replaced OMI as it was no longer representative of the small-cap market space.
"September 22, 2025",2025,added,MAN,ManpowerGroup,SP600SmallCap,MAN was moved from the S&P 400 as it was more representative of the small cap market space. MLAB was removed from the S&P 600 as it was no longer representative of the small-cap market space.
"September 22, 2025",2025,removed,MLAB,Mesa Laboratories,SP600SmallCap,MAN was moved from the S&P 400 as it was more representative of the small cap market space. MLAB was removed from the S&P 600 as it was no longer representative of the small-cap market space.
"September 22, 2025",2025,added,ACHC,Acadia Healthcare,SP600SmallCap,ACHC was moved from the S&P 400 as it was more representative of the small cap market space. TTGT was removed from the S&P 600 as it was no longer representative of the small-cap market space.
"September 22, 2025",2025,removed,TTGT,Techtarget,SP600SmallCap,ACHC was moved from the S&P 400 as it was more representative of the small cap market space. TTGT was removed from the S&P 600 as it was no longer representative of the small-cap market space.
"September 22, 2025",2025,added,WEN,The Wendy's Company,SP600SmallCap,WEN was moved from the S&P 400 as it was more representative of the small cap market space. XRX was removed from the S&P 600 as it was no longer representative of the small-cap market space.
"September 22, 2025",2025,removed,XRX,Xerox,SP600SmallCap,WEN was moved from the S&P 400 as it was more representative of the small cap market space. XRX was removed from the S&P 600 as it was no longer representative of the small-cap market space.
"September 22, 2025",2025,added,ENPH,Enphase Energy,SP600SmallCap,ENPH was moved from the S&P 500 as it was more representative of the small cap market space. PUMP was removed from the S&P 600 as it was no longer representative of the small-cap market space.
"September 22, 2025",2025,removed,PUMP,ProPetro Holding,SP600SmallCap,ENPH was moved from the S&P 500 as it was more representative of the small cap market space. PUMP was removed from the S&P 600 as it was no longer representative of the small-cap market space.
"September 22, 2025",2025,added,CZR,Caesars Entertainment,SP600SmallCap,CZR was moved from the S&P 500 as it was more representative of the small cap market space. KTOS was moved to the S&P 400 as it was more representative of the mid-cap market space.
"September 22, 2025",2025,removed,KTOS,Kratos Defense & Security Solutions,SP600SmallCap,CZR was moved from the S&P 500 as it was more representative of the small cap market space. KTOS was moved to the S&P 400 as it was more representative of the mid-cap market space.
"September 22, 2025",2025,added,MKTX,MarketAxess,SP600SmallCap,MKTX was moved from the S&P 500 as it was more representative of the small cap market space. MP was moved to the S&P 400 as it was more representative of the mid-cap market space.
"September 22, 2025",2025,removed,MP,MP Materials,SP600SmallCap,MKTX was moved from the S&P 500 as it was more representative of the small cap market space. MP was moved to the S&P 400 as it was more representative of the mid-cap market space.
"September 9, 2025",2025,added,MIR,Mirion Technologies,SP600SmallCap,MIR replaced GMS after it was acquired by Home Depot.
"September 9, 2025",2025,removed,GMS,"GMS, Inc.",SP600SmallCap,MIR replaced GMS after it was acquired by Home Depot.
"September 8, 2025",2025,added,PRKS,United Parks & Resorts,SP600SmallCap,PRKS replaced FL after it was acquired by Dick's Sporting Goods.
"September 8, 2025",2025,removed,FL,Foot Locker,SP600SmallCap,PRKS replaced FL after it was acquired by Dick's Sporting Goods.
"September 2, 2025",2025,added,ADAM,"Adamas Trust, Inc.",SP600SmallCap,NYMT now trades under symbol ADAM after corporate rebrand.
"September 2, 2025",2025,removed,NYMT,"New York Mortgage Trust, Inc.",SP600SmallCap,NYMT now trades under symbol ADAM after corporate rebrand.
"September 2, 2025",2025,added,BHLB,Berkshire Hills Bancorp,SP600SmallCap,"BHLB acquired Brookline Bancorp. Post merger, BHLB remained in the S&P 600 with a name change to Beacon Financial Corp and ticker change to BBT."
"September 2, 2025",2025,removed,BBT,Beacon Financial Corp.,SP600SmallCap,"BHLB acquired Brookline Bancorp. Post merger, BHLB remained in the S&P 600 with a name change to Beacon Financial Corp and ticker change to BBT."
"September 2, 2025",2025,added,SRPT,Sarepta Therapeutics,SP600SmallCap,BRKL was acquired by Berkshire Hills Bancorp. SRPT was moved from the S&P 400 to replace it as it was more representative of the small cap market space.
"September 2, 2025",2025,removed,BRKL,Brookline Bancorp,SP600SmallCap,BRKL was acquired by Berkshire Hills Bancorp. SRPT was moved from the S&P 400 to replace it as it was more representative of the small cap market space.
"September 2, 2025",2025,added,KNTK,Kinetik Holdings,SP600SmallCap,"KNTK replaced PPBI after it was acquired by Columbia Banking System, Inc."
"September 2, 2025",2025,removed,PPBI,Pacific Premier Bancorp,SP600SmallCap,"KNTK replaced PPBI after it was acquired by Columbia Banking System, Inc."
"August 6, 2025",2025,added,KGS,Kodiak Gas Services,SP600SmallCap,KGS replaced NVEE after it was acquired by Acuren Corporation.
"August 6, 2025",2025,removed,NVEE,NV5 Global,SP600SmallCap,KGS replaced NVEE after it was acquired by Acuren Corporation.
"July 29, 2025",2025,added,VCYT,Veracyte,SP600SmallCap,VCYT replaced TGI after it was acquired by Warburg Pincus and Berkshire Partners.
"July 29, 2025",2025,removed,TGI,Triumph Group,SP600SmallCap,VCYT replaced TGI after it was acquired by Warburg Pincus and Berkshire Partners.
"July 18, 2025",2025,added,VCTR,Victory Capital,SP600SmallCap,"VCTR replaced AVAV, which replaced ChampionX in the S&P 400 after it was acquired by Schlumberger."
"July 18, 2025",2025,removed,AVAV,AeroVironment,SP600SmallCap,"VCTR replaced AVAV, which replaced ChampionX in the S&P 400 after it was acquired by Schlumberger."
"July 1, 2025",2025,added,RAL,Ralliant Corp,SP600SmallCap,RAL replaced WOLF after it announced its intention to file for bankruptcy and was therefore no longer eligible for continued inclusion in the S&P 600. RAL was spun off from Fortive Corp. which will remain in the S&P 500.
"July 1, 2025",2025,removed,WOLF,Wolfspeed,SP600SmallCap,RAL replaced WOLF after it announced its intention to file for bankruptcy and was therefore no longer eligible for continued inclusion in the S&P 600. RAL was spun off from Fortive Corp. which will remain in the S&P 500.
"June 6, 2025",2025,added,HTO,H2O America,SP600SmallCap,San Jose Water Group (SJW) rebranded as H2O America (HTO).
"June 6, 2025",2025,removed,SJW,San Jose Water Group,SP600SmallCap,San Jose Water Group (SJW) rebranded as H2O America (HTO).
"April 17, 2025",2025,added,STRL,Sterling Infrastructure,SP600SmallCap,STRL replaced PDCO after it was acquired by Patient Square Capital.
"April 17, 2025",2025,removed,PDCO,Patterson Companies,SP600SmallCap,STRL replaced PDCO after it was acquired by Patient Square Capital.
"April 16, 2025",2025,added,ACT,Enact Holdings,SP600SmallCap,ACT replaced SWI after it was acquired by Turn/River Capital.
"April 16, 2025",2025,removed,SWI,SolarWinds,SP600SmallCap,ACT replaced SWI after it was acquired by Turn/River Capital.
"April 2, 2025",2025,added,ANGI,Angi Inc.,SP600SmallCap,ANGI was spun off from IAC Inc. and replaced ODP which was no longer representative of the small-cap market space.
"April 2, 2025",2025,removed,ODP,The ODP Corporation,SP600SmallCap,ANGI was spun off from IAC Inc. and replaced ODP which was no longer representative of the small-cap market space.
"March 24, 2025",2025,added,TFX,Teleflex,SP600SmallCap,TFX was moved from the S&P 500 as it was more representative of the small cap market space. VFC was moved to the S&P 400 as it was more representative of the mid-cap market space.
"March 24, 2025",2025,removed,VFC,VF Corporation,SP600SmallCap,TFX was moved from the S&P 500 as it was more representative of the small cap market space. VFC was moved to the S&P 400 as it was more representative of the mid-cap market space.
"March 24, 2025",2025,added,CE,Celanese,SP600SmallCap,CE was moved from the S&P 500 as it was more representative of the small cap market space. ALK was moved to the S&P 400 as it was more representative of the mid-cap market space.
"March 24, 2025",2025,removed,ALK,Alaska Air Group,SP600SmallCap,CE was moved from the S&P 500 as it was more representative of the small cap market space. ALK was moved to the S&P 400 as it was more representative of the mid-cap market space.
"March 24, 2025",2025,added,FMC,FMC Corporation,SP600SmallCap,FMC was moved from the S&P 500 as it was more representative of the small cap market space. HIMS was moved to the S&P 400 as it was more representative of the mid-cap market space.
"March 24, 2025",2025,removed,HIMS,Hims & Hers Health,SP600SmallCap,FMC was moved from the S&P 500 as it was more representative of the small cap market space. HIMS was moved to the S&P 400 as it was more representative of the mid-cap market space.
"March 24, 2025",2025,added,BWA,BorgWarner,SP600SmallCap,BWA was moved from the S&P 500 as it was more representative of the small cap market space. AMBC was removed from the S&P 600 as it was no longer representative of the small-cap market space.
"March 24, 2025",2025,removed,AMBC,Ambac Financial Group,SP600SmallCap,BWA was moved from the S&P 500 as it was more representative of the small cap market space. AMBC was removed from the S&P 600 as it was no longer representative of the small-cap market space.
"March 24, 2025",2025,added,CC,Chemours,SP600SmallCap,CC was moved from the S&P 400 as it was more representative of the small cap market space. BBWI was moved to the S&P 400 as it was more representative of the mid-cap market space.
"March 24, 2025",2025,removed,BBWI,"Bath & Body Works, Inc.",SP600SmallCap,CC was moved from the S&P 400 as it was more representative of the small cap market space. BBWI was moved to the S&P 400 as it was more representative of the mid-cap market space.
"March 24, 2025",2025,added,TDC,Teradata,SP600SmallCap,TDC was moved from the S&P 400 as it was more representative of the small cap market space. ATI was moved to the S&P 400 as it was more representative of the mid-cap market space.
"March 24, 2025",2025,removed,ATI,ATI Inc.,SP600SmallCap,TDC was moved from the S&P 400 as it was more representative of the small cap market space. ATI was moved to the S&P 400 as it was more representative of the mid-cap market space.
"March 24, 2025",2025,added,NEOG,Neogen,SP600SmallCap,NEOG was moved from the S&P 400 as it was more representative of the small cap market space. SATS was moved to the S&P 400 as it was more representative of the mid-cap market space.
"March 24, 2025",2025,removed,SATS,EchoStar,SP600SmallCap,NEOG was moved from the S&P 400 as it was more representative of the small cap market space. SATS was moved to the S&P 400 as it was more representative of the mid-cap market space.
"March 24, 2025",2025,added,RHP,Ryman Hospitality Properties,SP600SmallCap,RHP replaced WNC as it was no longer representative of the small-cap market space.
"March 24, 2025",2025,removed,WNC,Wabash National,SP600SmallCap,RHP replaced WNC as it was no longer representative of the small-cap market space.
"March 24, 2025",2025,added,ESI,Element Solutions,SP600SmallCap,ESI replaced GDOT as it was no longer representative of the small-cap market space.
"March 24, 2025",2025,removed,GDOT,Green Dot Corporation,SP600SmallCap,ESI replaced GDOT as it was no longer representative of the small-cap market space.
"March 24, 2025",2025,added,FRPT,Freshpet,SP600SmallCap,FRPT replaced FLGT as it was no longer representative of the small-cap market space.
"March 24, 2025",2025,removed,FLGT,Fulgent Genetics,SP600SmallCap,FRPT replaced FLGT as it was no longer representative of the small-cap market space.
"March 24, 2025",2025,added,WSC,WillScot Holdings Corp.,SP600SmallCap,WSC replaced NBR as it was no longer representative of the small-cap market space.
"March 24, 2025",2025,removed,NBR,Nabors Industries,SP600SmallCap,WSC replaced NBR as it was no longer representative of the small-cap market space.
"March 24, 2025",2025,added,MWA,Mueller Water Products,SP600SmallCap,MWA replaced GPRE as it was no longer representative of the small-cap market space.
"March 24, 2025",2025,removed,GPRE,Green Plains Inc.,SP600SmallCap,MWA replaced GPRE as it was no longer representative of the small-cap market space.
"March 24, 2025",2025,added,KTOS,Kratos Defense & Security Solutions,SP600SmallCap,KTOS replaced MATV as it was no longer representative of the small-cap market space.
"March 24, 2025",2025,removed,MATV,Mativ Holdings,SP600SmallCap,KTOS replaced MATV as it was no longer representative of the small-cap market space.
"March 24, 2025",2025,added,CLSK,CleanSpark,SP600SmallCap,CLSK replaced HAIN as it was no longer representative of the small-cap market space.
"March 24, 2025",2025,removed,HAIN,Hain Celestial Group,SP600SmallCap,CLSK replaced HAIN as it was no longer representative of the small-cap market space.
"February 25, 2025",2025,added,SNDK,SanDisk,SP600SmallCap,SNDK was spun off from Western Digital and replaced LESL which was no longer representative of the small-cap market space.
"February 25, 2025",2025,removed,LESL,Leslie's,SP600SmallCap,SNDK was spun off from Western Digital and replaced LESL which was no longer representative of the small-cap market space.
"February 19, 2025",2025,added,KAI,Kadant,SP600SmallCap,KAI replaced NARI after it was acquired by Stryker Corporation.
"February 19, 2025",2025,removed,NARI,Inari Medical,SP600SmallCap,KAI replaced NARI after it was acquired by Stryker Corporation.
"February 13, 2025",2025,added,GOLF,Acushnet Company,SP600SmallCap,GOLF replaced ROIC after it was acquired by Blackstone Inc.
"February 13, 2025",2025,removed,ROIC,Retail Opportunity Investments,SP600SmallCap,GOLF replaced ROIC after it was acquired by Blackstone Inc.
"February 10, 2025",2025,added,MRP,Millrose Properties,SP600SmallCap,MRP was spun off from Lennar and replaced IRWD which was no longer representative of the small-cap market space.
"February 10, 2025",2025,removed,IRWD,Ironwood Pharmaceuticals,SP600SmallCap,MRP was spun off from Lennar and replaced IRWD which was no longer representative of the small-cap market space.
"January 27, 2025",2025,added,ARWR,Arrowhead Pharmaceuticals,SP600SmallCap,B was acquired by Apollo Global Management. ARWR was moved from the S&P 400 to replace it as it was more representative of the small cap market space.
"January 27, 2025",2025,removed,B,Barnes Group,SP600SmallCap,B was acquired by Apollo Global Management. ARWR was moved from the S&P 400 to replace it as it was more representative of the small cap market space.
"January 14, 2025",2025,added,ENOV,Enovis,SP600SmallCap,"ARCH was acquired by Consol Energy. Following completion of the merger, Consol Energy will be renamed Core Natural Resources Inc., and its ticker will change to CNR. ENOV was moved from the S&P 400 to replace it as it was more representative of the small cap market space."
"January 14, 2025",2025,removed,ARCH,Arch Resources,SP600SmallCap,"ARCH was acquired by Consol Energy. Following completion of the merger, Consol Energy will be renamed Core Natural Resources Inc., and its ticker will change to CNR. ENOV was moved from the S&P 400 to replace it as it was more representative of the small cap market space."
"January 3, 2025",2025,added,JBTM,JBT Marel Corporation,SP600SmallCap,John Bean Technologies (JBT) acquired Marel and began trading under new symbol JBTM.
"January 3, 2025",2025,removed,JBT,John Bean Technologies Corporation,SP600SmallCap,John Bean Technologies (JBT) acquired Marel and began trading under new symbol JBTM.
"January 3, 2025",2025,added,ACAD,Acadia Pharmaceuticals,SP600SmallCap,ACAD replaced IBTX after it was acquired by SouthState Bank.
"January 3, 2025",2025,removed,IBTX,Independent Bank Group,SP600SmallCap,ACAD replaced IBTX after it was acquired by SouthState Bank.
"January 2, 2025",2025,added,GDYN,Grid Dynamics Holdings,SP600SmallCap,GDYN replaced GEAR after it was acquired by Strategic Value Partners.
"January 2, 2025",2025,removed,GEAR,Revelyst,SP600SmallCap,GDYN replaced GEAR after it was acquired by Strategic Value Partners.
"December 30, 2024",2024,added,INSW,International Seaways,SP600SmallCap,INSW replaced CNSL after it was acquired by British Columbia Investment Management Corporation and Searchlight Capital.
"December 30, 2024",2024,removed,CNSL,Consolidated Communications,SP600SmallCap,INSW replaced CNSL after it was acquired by British Columbia Investment Management Corporation and Searchlight Capital.
"December 23, 2024",2024,added,QRVO,Qorvo,SP600SmallCap,QRVO was moved from the S&P 500 as it was more representative of the small cap market space. KELYA was removed from the S&P 600 as it was no longer representative of the small-cap market space.
"December 23, 2024",2024,removed,KELYA,Kelly Services,SP600SmallCap,QRVO was moved from the S&P 500 as it was more representative of the small cap market space. KELYA was removed from the S&P 600 as it was no longer representative of the small-cap market space.
"December 23, 2024",2024,added,AMTM,Amentum,SP600SmallCap,AMTM was moved from the S&P 500 as it was more representative of the small cap market space. SVC was removed from the S&P 600 as it was no longer representative of the small-cap market space.
"December 23, 2024",2024,removed,SVC,Service Properties Trust,SP600SmallCap,AMTM was moved from the S&P 500 as it was more representative of the small cap market space. SVC was removed from the S&P 600 as it was no longer representative of the small-cap market space.
"December 23, 2024",2024,added,VSH,Vishay Intertechnology,SP600SmallCap,VSH was moved from the S&P 400 as it was more representative of the small cap market space. CMA was moved to the S&P 400 as it was more representative of the mid-cap market space.
"December 23, 2024",2024,removed,CMA,Comerica,SP600SmallCap,VSH was moved from the S&P 400 as it was more representative of the small cap market space. CMA was moved to the S&P 400 as it was more representative of the mid-cap market space.
"December 23, 2024",2024,added,CRI,Carter's,SP600SmallCap,CRI was moved from the S&P 400 as it was more representative of the small cap market space. CRS was moved to the S&P 400 as it was more representative of the mid-cap market space.
"December 23, 2024",2024,removed,CRS,Carpenter Technology,SP600SmallCap,CRI was moved from the S&P 400 as it was more representative of the small cap market space. CRS was moved to the S&P 400 as it was more representative of the mid-cap market space.
"December 23, 2024",2024,added,TRNO,Terreno Realty,SP600SmallCap,TRNO replaced HPP as it was no longer representative of the small-cap market space.
"December 23, 2024",2024,removed,HPP,Hudson Pacific Properties,SP600SmallCap,TRNO replaced HPP as it was no longer representative of the small-cap market space.
"December 23, 2024",2024,added,SKY,Champion Homes,SP600SmallCap,SKY replaced RGNX as it was no longer representative of the small-cap market space.
"December 23, 2024",2024,removed,RGNX,REGENXBIO,SP600SmallCap,SKY replaced RGNX as it was no longer representative of the small-cap market space.
"November 27, 2024",2024,added,CON,Concentra Group Holdings,SP600SmallCap,CON replaced MYE as it was no longer representative of the small-cap market space.
"November 27, 2024",2024,removed,MYE,Myers Industries,SP600SmallCap,CON replaced MYE as it was no longer representative of the small-cap market space.
"November 26, 2024",2024,added,AESI,Atlas Energy Solutions,SP600SmallCap,"AESI replaced MLI, which replaced Texas Pacific Land Corporation in the S&P 400 after it was moved to the S&P 500."
"November 26, 2024",2024,removed,MLI,Mueller Industries,SP600SmallCap,"AESI replaced MLI, which replaced Texas Pacific Land Corporation in the S&P 400 after it was moved to the S&P 500."
"November 25, 2024",2024,added,DFH,Dream Finders Homes,SP600SmallCap,DFH replaced HAYN after it was acquired by Acerinox.
"November 25, 2024",2024,removed,HAYN,Haynes International,SP600SmallCap,DFH replaced HAYN after it was acquired by Acerinox.
"November 25, 2024",2024,added,AZTA,Azenta,SP600SmallCap,ENV was acquired by Bain Capital. AZTA was moved from the S&P 400 to replace it as it was more representative of the small cap market space.
"November 25, 2024",2024,removed,ENV,Envestnet,SP600SmallCap,ENV was acquired by Bain Capital. AZTA was moved from the S&P 400 to replace it as it was more representative of the small cap market space.
"November 4, 2024",2024,added,ECG,Everus Construction Group,SP600SmallCap,ECG was spun off from MDU Resources and replaced CLW which was no longer representative of the small-cap market space.
"November 4, 2024",2024,removed,CLW,Clearwater Paper Corporation,SP600SmallCap,ECG was spun off from MDU Resources and replaced CLW which was no longer representative of the small-cap market space.
"October 15, 2024",2024,added,PENG,"Penguin Solutions, Inc.",SP600SmallCap,Smart Global Holdings (SGH) rebranded as Penguin Solutions (PENG).
"October 15, 2024",2024,removed,SGH,"Smart Global Holdings, Inc.",SP600SmallCap,Smart Global Holdings (SGH) rebranded as Penguin Solutions (PENG).
"October 11, 2024",2024,added,MDU,MDU Resources,SP600SmallCap,CHUY was acquired by Darden Restaurants. MDU was moved from the S&P 400 to replace it as it announced its intention to spin-off a company at a later date.
"October 11, 2024",2024,removed,CHUY,Chuy's,SP600SmallCap,CHUY was acquired by Darden Restaurants. MDU was moved from the S&P 400 to replace it as it announced its intention to spin-off a company at a later date.
"October 9, 2024",2024,added,HIMS,Hims & Hers Health,SP600SmallCap,HIMS replaced VGR after it was acquired by JT Group.
"October 9, 2024",2024,removed,VGR,Vector Group,SP600SmallCap,HIMS replaced VGR after it was acquired by JT Group.
"October 4, 2024",2024,added,CRGY,Crescent Energy Company,SP600SmallCap,CRGY replaced PRFT after it was acquired by EQT AB.
"October 4, 2024",2024,removed,PRFT,Perficient,SP600SmallCap,CRGY replaced PRFT after it was acquired by EQT AB.
"October 1, 2024",2024,added,CURB,Curbline Properties,SP600SmallCap,CURB was spun off from SITE Centers and replaced CCRN which was no longer representative of the small-cap market space.
"October 1, 2024",2024,removed,CCRN,Cross Country Healthcare,SP600SmallCap,CURB was spun off from SITE Centers and replaced CCRN which was no longer representative of the small-cap market space.
"October 1, 2024",2024,added,TMDX,TransMedics Group,SP600SmallCap,"TMDX replaced ENSG, which replaced Southwestern Energy in the S&P 400 after it was acquired by Chesapeake Energy."
"October 1, 2024",2024,removed,ENSG,Ensign Group,SP600SmallCap,"TMDX replaced ENSG, which replaced Southwestern Energy in the S&P 400 after it was acquired by Chesapeake Energy."
"October 1, 2024",2024,added,BBWI,"Bath & Body Works, Inc.",SP600SmallCap,BBWI was moved from the S&P 500 as it was more representative of the small cap market space. MOV was removed from the S&P 600 as it was no longer representative of the small-cap market space.
"October 1, 2024",2024,removed,MOV,Movado,SP600SmallCap,BBWI was moved from the S&P 500 as it was more representative of the small cap market space. MOV was removed from the S&P 600 as it was no longer representative of the small-cap market space.
"September 23, 2024",2024,added,ETSY,Etsy,SP600SmallCap,ETSY was moved from the S&P 500 as it was more representative of the small cap market space. HVT was removed from the S&P 600 as it was no longer representative of the small-cap market space.
"September 23, 2024",2024,removed,HVT,Havertys,SP600SmallCap,ETSY was moved from the S&P 500 as it was more representative of the small cap market space. HVT was removed from the S&P 600 as it was no longer representative of the small-cap market space.
"September 23, 2024",2024,added,TGNA,Tegna Inc.,SP600SmallCap,TGNA was moved from the S&P 400 as it was more representative of the small cap market space. DBI was removed from the S&P 600 as it was no longer representative of the small-cap market space.
"September 23, 2024",2024,removed,DBI,Designer Brands,SP600SmallCap,TGNA was moved from the S&P 400 as it was more representative of the small cap market space. DBI was removed from the S&P 600 as it was no longer representative of the small-cap market space.
"September 23, 2024",2024,added,ZD,Ziff Davis,SP600SmallCap,ZD was moved from the S&P 400 as it was more representative of the small cap market space. FN was moved to the S&P 400 as it was more representative of the mid-cap market space.
"September 23, 2024",2024,removed,FN,Fabrinet,SP600SmallCap,ZD was moved from the S&P 400 as it was more representative of the small cap market space. FN was moved to the S&P 400 as it was more representative of the mid-cap market space.
"September 23, 2024",2024,added,MP,MP Materials,SP600SmallCap,MP was moved from the S&P 400 as it was more representative of the small cap market space. CVGW was removed from the S&P 600 as it was no longer representative of the small-cap market space.
"September 23, 2024",2024,removed,CVGW,"Calavo Growers, Inc.",SP600SmallCap,MP was moved from the S&P 400 as it was more representative of the small cap market space. CVGW was removed from the S&P 600 as it was no longer representative of the small-cap market space.
"September 23, 2024",2024,added,PGNY,Progyny,SP600SmallCap,PGNY was moved from the S&P 400 as it was more representative of the small cap market space. EHAB was removed from the S&P 600 as it was no longer representative of the small-cap market space.
"September 23, 2024",2024,removed,EHAB,Enhabit,SP600SmallCap,PGNY was moved from the S&P 400 as it was more representative of the small cap market space. EHAB was removed from the S&P 600 as it was no longer representative of the small-cap market space.
"September 23, 2024",2024,added,ADNT,Adient,SP600SmallCap,ADNT was moved from the S&P 400 as it was more representative of the small cap market space. MERC was removed from the S&P 600 as it was no longer representative of the small-cap market space.
"September 23, 2024",2024,removed,MERC,Mercer International,SP600SmallCap,ADNT was moved from the S&P 400 as it was more representative of the small cap market space. MERC was removed from the S&P 600 as it was no longer representative of the small-cap market space.
"September 23, 2024",2024,added,WOLF,Wolfspeed,SP600SmallCap,WOLF was moved from the S&P 400 as it was more representative of the small cap market space. CMP was removed from the S&P 600 as it was no longer representative of the small-cap market space.
"September 23, 2024",2024,removed,CMP,Compass Minerals,SP600SmallCap,WOLF was moved from the S&P 400 as it was more representative of the small cap market space. CMP was removed from the S&P 600 as it was no longer representative of the small-cap market space.
"September 23, 2024",2024,added,HELE,Helen of Troy Limited,SP600SmallCap,HELE was moved from the S&P 400 as it was more representative of the small cap market space. DDD was removed from the S&P 600 as it was no longer representative of the small-cap market space.
"September 23, 2024",2024,removed,DDD,3D Systems Corporation,SP600SmallCap,HELE was moved from the S&P 400 as it was more representative of the small cap market space. DDD was removed from the S&P 600 as it was no longer representative of the small-cap market space.
"September 23, 2024",2024,added,ZWS,Zurn Elkay Water Solutions,SP600SmallCap,ZWS replaced CHCT as it was no longer representative of the small-cap market space.
"September 23, 2024",2024,removed,CHCT,Community Healthcare Trust,SP600SmallCap,ZWS replaced CHCT as it was no longer representative of the small-cap market space.
"September 23, 2024",2024,added,YOU,Clear Secure,SP600SmallCap,YOU replaced VREX as it was no longer representative of the small-cap market space.
"September 23, 2024",2024,removed,VREX,Varex Imaging,SP600SmallCap,YOU replaced VREX as it was no longer representative of the small-cap market space.
"September 23, 2024",2024,added,TGTX,TG Therapeutics,SP600SmallCap,TGTX replaced DIN as it was no longer representative of the small-cap market space.
"September 23, 2024",2024,removed,DIN,Dine Brands Global,SP600SmallCap,TGTX replaced DIN as it was no longer representative of the small-cap market space.
"September 23, 2024",2024,added,INSP,Inspire Medical Systems,SP600SmallCap,INSP replaced NUS as it was no longer representative of the small-cap market space.
"September 23, 2024",2024,removed,NUS,Nu Skin Enterprises,SP600SmallCap,INSP replaced NUS as it was no longer representative of the small-cap market space.
"September 23, 2024",2024,added,CSW,CSW Industrials,SP600SmallCap,CSW replaced AMCX as it was no longer representative of the small-cap market space.
"September 23, 2024",2024,removed,AMCX,AMC Networks,SP600SmallCap,CSW replaced AMCX as it was no longer representative of the small-cap market space.
"September 23, 2024",2024,added,ADMA,ADMA Biologics,SP600SmallCap,ADMA replaced ZEUS as it was no longer representative of the small-cap market space.
"September 23, 2024",2024,removed,ZEUS,Olympic Steel,SP600SmallCap,ADMA replaced ZEUS as it was no longer representative of the small-cap market space.
"September 23, 2024",2024,added,PI,Impinj,SP600SmallCap,PI replaced RILY as it was no longer representative of the small-cap market space.
"September 23, 2024",2024,removed,RILY,B. Riley Financial,SP600SmallCap,PI replaced RILY as it was no longer representative of the small-cap market space.
"September 6, 2024",2024,added,INVX,"Innovex International, Inc.",SP600SmallCap,Dril-Quip (DRQ) merged with Innovex and began trading under symbol INVX.
"September 6, 2024",2024,removed,DRQ,"Dril-Quip, Inc.",SP600SmallCap,Dril-Quip (DRQ) merged with Innovex and began trading under symbol INVX.
"August 9, 2024",2024,added,SWI,SolarWinds,SP600SmallCap,SWI replaced SPWR after it filed for Chapter 11 bankruptcy and is no longer eligible for continued inclusion in the S&P 600.
"August 9, 2024",2024,removed,SPWR,SunPower,SP600SmallCap,SWI replaced SPWR after it filed for Chapter 11 bankruptcy and is no longer eligible for continued inclusion in the S&P 600.
"July 31, 2024",2024,added,SNDR,Schneider National,SP600SmallCap,SNDR replaced SLCA after it was acquired by Apollo Global Management.
"July 31, 2024",2024,removed,SLCA,U.S. Silica Holdings,SP600SmallCap,SNDR replaced SLCA after it was acquired by Apollo Global Management.
"July 26, 2024",2024,added,QDEL,QuidelOrtho,SP600SmallCap,HIBB was acquired by JD Sports. QDEL was moved from the S&P 400 to replace it as it was more representative of the small cap market space.
"July 26, 2024",2024,removed,HIBB,Hibbett Sports,SP600SmallCap,HIBB was acquired by JD Sports. QDEL was moved from the S&P 400 to replace it as it was more representative of the small cap market space.
"July 22, 2024",2024,added,GTES,Gates Corporation,SP600SmallCap,"GTES replaced ANF, which replaced Equitrans Midstream in the S&P 400 after it was acquired by EQT Corporation."
"July 22, 2024",2024,removed,ANF,Abercrombie & Fitch Company,SP600SmallCap,"GTES replaced ANF, which replaced Equitrans Midstream in the S&P 400 after it was acquired by EQT Corporation."
"July 3, 2024",2024,added,PTGX,Protagonist Therapeutics,SP600SmallCap,PTGX replaced WIRE after it was acquired by Prysmian Group.
"July 3, 2024",2024,removed,WIRE,Encore Wire Corporation,SP600SmallCap,PTGX replaced WIRE after it was acquired by Prysmian Group.
"June 24, 2024",2024,added,CMA,Comerica,SP600SmallCap,CMA was moved from the S&P 500 as it was more representative of the small cap market space. ADTN was removed from the S&P 600 as it was no longer representative of the small-cap market space.
"June 24, 2024",2024,removed,ADTN,ADTRAN,SP600SmallCap,CMA was moved from the S&P 500 as it was more representative of the small cap market space. ADTN was removed from the S&P 600 as it was no longer representative of the small-cap market space.
"June 24, 2024",2024,added,RHI,Robert Half,SP600SmallCap,RHI was moved from the S&P 500 as it was more representative of the small cap market space. HOUS was removed from the S&P 600 as it was no longer representative of the small-cap market space.
"June 24, 2024",2024,removed,HOUS,Anywhere Real Estate,SP600SmallCap,RHI was moved from the S&P 500 as it was more representative of the small cap market space. HOUS was removed from the S&P 600 as it was no longer representative of the small-cap market space.
"June 24, 2024",2024,added,LEG,Leggett & Platt,SP600SmallCap,LEG was moved from the S&P 400 as it was more representative of the small cap market space. MEI was removed from the S&P 600 as it was no longer representative of the small-cap market space.
"June 24, 2024",2024,removed,MEI,Methode Electronics,SP600SmallCap,LEG was moved from the S&P 400 as it was more representative of the small cap market space. MEI was removed from the S&P 600 as it was no longer representative of the small-cap market space.
"June 24, 2024",2024,added,HTZ,Hertz,SP600SmallCap,HTZ was moved from the S&P 400 as it was more representative of the small cap market space. CLDT was removed from the S&P 600 as it was no longer representative of the small-cap market space.
"June 24, 2024",2024,removed,CLDT,Chatham Lodging Trust,SP600SmallCap,HTZ was moved from the S&P 400 as it was more representative of the small cap market space. CLDT was removed from the S&P 600 as it was no longer representative of the small-cap market space.
"June 24, 2024",2024,added,GO,Grocery Outlet,SP600SmallCap,GO was moved from the S&P 400 as it was more representative of the small cap market space. NFBK was removed from the S&P 600 as it was no longer representative of the small-cap market space.
"June 24, 2024",2024,removed,NFBK,"Northfield Bancorp,",SP600SmallCap,GO was moved from the S&P 400 as it was more representative of the small cap market space. NFBK was removed from the S&P 600 as it was no longer representative of the small-cap market space.
"June 24, 2024",2024,added,PENN,Penn Entertainment,SP600SmallCap,PENN was moved from the S&P 400 as it was more representative of the small cap market space. XPER was removed from the S&P 600 as it was no longer representative of the small-cap market space.
"June 24, 2024",2024,removed,XPER,Xperi,SP600SmallCap,PENN was moved from the S&P 400 as it was more representative of the small cap market space. XPER was removed from the S&P 600 as it was no longer representative of the small-cap market space.
"June 24, 2024",2024,added,IART,Integra Lifesciences,SP600SmallCap,IART was moved from the S&P 400 as it was more representative of the small cap market space. RGP was removed from the S&P 600 as it was no longer representative of the small-cap market space.
"June 24, 2024",2024,removed,RGP,Resources Connection,SP600SmallCap,IART was moved from the S&P 400 as it was more representative of the small cap market space. RGP was removed from the S&P 600 as it was no longer representative of the small-cap market space.
"June 24, 2024",2024,added,WERN,Werner Enterprises,SP600SmallCap,WERN was moved from the S&P 400 as it was more representative of the small cap market space. ATNI was removed from the S&P 600 as it was no longer representative of the small-cap market space.
"June 24, 2024",2024,removed,ATNI,ATN International,SP600SmallCap,WERN was moved from the S&P 400 as it was more representative of the small cap market space. ATNI was removed from the S&P 600 as it was no longer representative of the small-cap market space.
"June 24, 2024",2024,added,KRYS,Krystal Biotech,SP600SmallCap,KRYS replaced OSUR as it was no longer representative of the small-cap market space.
"June 24, 2024",2024,removed,OSUR,OraSure Technologies,SP600SmallCap,KRYS replaced OSUR as it was no longer representative of the small-cap market space.
"June 24, 2024",2024,added,VIRT,Virtu Financial,SP600SmallCap,VIRT replaced MCS as it was no longer representative of the small-cap market space.
"June 24, 2024",2024,removed,MCS,Marcus Corporation,SP600SmallCap,VIRT replaced MCS as it was no longer representative of the small-cap market space.
"June 24, 2024",2024,added,STEP,StepStone Group,SP600SmallCap,STEP replaced TTEC as it was no longer representative of the small-cap market space.
"June 24, 2024",2024,removed,TTEC,TTEC Holdings,SP600SmallCap,STEP replaced TTEC as it was no longer representative of the small-cap market space.
"June 24, 2024",2024,added,WHD,Cactus,SP600SmallCap,WHD replaced MED as it was no longer representative of the small-cap market space.
"June 24, 2024",2024,removed,MED,Medifast,SP600SmallCap,WHD replaced MED as it was no longer representative of the small-cap market space.
"June 24, 2024",2024,added,TDW,Tidewate,SP600SmallCap,TDW replaced CRNC as it was no longer representative of the small-cap market space.
"June 24, 2024",2024,removed,CRNC,Cerence,SP600SmallCap,TDW replaced CRNC as it was no longer representative of the small-cap market space.
"May 8, 2024",2024,added,MARA,Marathon Digital,SP600SmallCap,"MARA replaced AAON, which replaced Vistra Corp in the S&P 400 after it was moved to the S&P 500."
"May 8, 2024",2024,removed,AAON,AAON,SP600SmallCap,"MARA replaced AAON, which replaced Vistra Corp in the S&P 400 after it was moved to the S&P 500."
"May 7, 2024",2024,added,DOCN,DigitalOcean,SP600SmallCap,DOCN replaced AGTI after it was acquired by Thomas H. Lee Partners.
"May 7, 2024",2024,removed,AGTI,Agiliti,SP600SmallCap,DOCN replaced AGTI after it was acquired by Thomas H. Lee Partners.
"May 6, 2024",2024,added,IAC,IAC Inc.,SP600SmallCap,IAC replaced AEL after it was acquired by Brookfield Reinsurance.
"May 6, 2024",2024,removed,AEL,American Equity Investment Life Holding Co.,SP600SmallCap,IAC replaced AEL after it was acquired by Brookfield Reinsurance.
"April 23, 2024",2024,added,CNS,Cohen & Steers,SP600SmallCap,CNS replaced KAMN after it was acquired by Arcline Investment Management.
"April 23, 2024",2024,removed,KAMN,Kaman Corporation,SP600SmallCap,CNS replaced KAMN after it was acquired by Arcline Investment Management.
"April 22, 2024",2024,added,CABO,Cable One,SP600SmallCap,MDC was acquired by Sekisui House. CABO was moved from the S&P 400 to replace it as it was more representative of the small cap market space.
"April 22, 2024",2024,removed,MDC,MDC Holdings,SP600SmallCap,MDC was acquired by Sekisui House. CABO was moved from the S&P 400 to replace it as it was more representative of the small cap market space.
"April 3, 2024",2024,added,VFC,VF Corporation,SP600SmallCap,VFC was moved from the S&P 500 as it was more representative of the small cap market space. MODV was removed from the S&P 600 as it was no longer representative of the small-cap market space.
"April 3, 2024",2024,removed,MODV,ModivCare,SP600SmallCap,VFC was moved from the S&P 500 as it was more representative of the small cap market space. MODV was removed from the S&P 600 as it was no longer representative of the small-cap market space.
"April 3, 2024",2024,added,FOXF,Fox Factory,SP600SmallCap,FOXF was moved from the S&P 400 as it was more representative of the small cap market space. SSP was removed from the S&P 600 as it was no longer representative of the small-cap market space.
"April 3, 2024",2024,removed,SSP,E. W. Scripps Company,SP600SmallCap,FOXF was moved from the S&P 400 as it was more representative of the small cap market space. SSP was removed from the S&P 600 as it was no longer representative of the small-cap market space.
"April 1, 2024",2024,added,RUN,Sunrun,SP600SmallCap,PGTI was acquired by MITER Brands. RUN was moved from the S&P 400 to replace it as it was more representative of the small cap market space.
"April 1, 2024",2024,removed,PGTI,PGT Innovations,SP600SmallCap,PGTI was acquired by MITER Brands. RUN was moved from the S&P 400 to replace it as it was more representative of the small cap market space.
"April 1, 2024",2024,added,NARI,Inari Medical,SP600SmallCap,CPE was acquired by APA Corporation. NARI was moved from the S&P 400 to replace it as it was more representative of the small cap market space.
"April 1, 2024",2024,removed,CPE,Callon Petroleum,SP600SmallCap,CPE was acquired by APA Corporation. NARI was moved from the S&P 400 to replace it as it was more representative of the small cap market space.
"March 18, 2024",2024,added,CALX,"Calix, Inc.",SP600SmallCap,CALX was moved from the S&P 400 as it was more representative of the small cap market space. CYTK was moved to the S&P 400 as it was more representative of the mid-cap market space.
"March 18, 2024",2024,removed,CYTK,Cytokinetics,SP600SmallCap,CALX was moved from the S&P 400 as it was more representative of the small cap market space. CYTK was moved to the S&P 400 as it was more representative of the mid-cap market space.
"March 18, 2024",2024,added,MPW,Medical Properties Trust,SP600SmallCap,MPW was moved from the S&P 400 as it was more representative of the small cap market space. AIT was moved to the S&P 400 as it was more representative of the mid-cap market space.
"March 18, 2024",2024,removed,AIT,Applied Industrial Technologies,SP600SmallCap,MPW was moved from the S&P 400 as it was more representative of the small cap market space. AIT was moved to the S&P 400 as it was more representative of the mid-cap market space.
"March 18, 2024",2024,added,MGY,Magnolia Oil & Gas,SP600SmallCap,MGY replaced CRMT as it was no longer representative of the small-cap market space.
"March 18, 2024",2024,removed,CRMT,Americas Carmart,SP600SmallCap,MGY replaced CRMT as it was no longer representative of the small-cap market space.
"March 18, 2024",2024,added,AL,Air Lease Corporation,SP600SmallCap,AL replaced TBI as it was no longer representative of the small-cap market space.
"March 18, 2024",2024,removed,TBI,TrueBlue,SP600SmallCap,AL replaced TBI as it was no longer representative of the small-cap market space.
"March 18, 2024",2024,added,BOX,"Box, Inc.",SP600SmallCap,BOX replaced FORR as it was no longer representative of the small-cap market space.
"March 18, 2024",2024,removed,FORR,Forrester Research,SP600SmallCap,BOX replaced FORR as it was no longer representative of the small-cap market space.
"March 18, 2024",2024,added,BGC,BGC Group,SP600SmallCap,BGC replaced OIS as it was no longer representative of the small-cap market space.
"March 18, 2024",2024,removed,OIS,Oil States International,SP600SmallCap,BGC replaced OIS as it was no longer representative of the small-cap market space.
"March 18, 2024",2024,added,BL,BlackLine Systems,SP600SmallCap,BL replaced APPS as it was no longer representative of the small-cap market space.
"March 18, 2024",2024,removed,APPS,Digital Turbine,SP600SmallCap,BL replaced APPS as it was no longer representative of the small-cap market space.
"March 18, 2024",2024,added,ARCH,Arch Resources,SP600SmallCap,ARCH replaced CCSI as it was no longer representative of the small-cap market space.
"March 18, 2024",2024,removed,CCSI,Consensus Cloud Solutions,SP600SmallCap,ARCH replaced CCSI as it was no longer representative of the small-cap market space.
"March 18, 2024",2024,added,MGEE,MGE Energy,SP600SmallCap,MGEE replaced IRBT as it was no longer representative of the small-cap market space.
"March 18, 2024",2024,removed,IRBT,iRobot,SP600SmallCap,MGEE replaced IRBT as it was no longer representative of the small-cap market space.
"March 4, 2024",2024,added,CXM,Sprinklr,SP600SmallCap,CXM replaced MDRX after it was suspended from the Nasdaq Stock Market due to non-compliance with listing rules and is no longer eligible for continued inclusion in the S&P 600.
"March 4, 2024",2024,removed,MDRX,Veradigm,SP600SmallCap,CXM replaced MDRX after it was suspended from the Nasdaq Stock Market due to non-compliance with listing rules and is no longer eligible for continued inclusion in the S&P 600.
"January 23, 2024",2024,added,BTU,Peabody Energy,SP600SmallCap,"BTU replaced ELF, which replaced Spirit Realty Capital in the S&P 400 after it was acquired by Realty Income."
"January 23, 2024",2024,removed,ELF,"e.l.f. Beauty, Inc.",SP600SmallCap,"BTU replaced ELF, which replaced Spirit Realty Capital in the S&P 400 after it was acquired by Realty Income."
"January 5, 2024",2024,added,PDCO,Patterson Companies,SP600SmallCap,CHS was acquired by Sycamore Partners. PDCO was moved from the S&P 400 to replace it as it was more representative of the small cap market space.
"January 5, 2024",2024,removed,CHS,Chico's FAS,SP600SmallCap,CHS was acquired by Sycamore Partners. PDCO was moved from the S&P 400 to replace it as it was more representative of the small cap market space.
"January 2, 2024",2024,added,SATS,EchoStar,SP600SmallCap,SATS replaced DISH after it acquired the company.
"January 2, 2024",2024,removed,DISH,Dish Network,SP600SmallCap,SATS replaced DISH after it acquired the company.
"January 2, 2024",2024,added,VYX,NCR Voyix,SP600SmallCap,"LTHM was merged with Allkem. The combined company, renamed Arcadium Lithium, will have a projected total market capitalization that is more representative of the mid-cap market space. VYX was moved from the S&P 400 to replace it as it was more representative of the small cap market space."
"January 2, 2024",2024,removed,LTHM,Livent Corp.,SP600SmallCap,"LTHM was merged with Allkem. The combined company, renamed Arcadium Lithium, will have a projected total market capitalization that is more representative of the mid-cap market space. VYX was moved from the S&P 400 to replace it as it was more representative of the small cap market space."
"January 2, 2024",2024,added,RUSHA,Rush Enterprises,SP600SmallCap,RUSHA replaced RPT after it was acquired by Kimco Realty.
"January 2, 2024",2024,removed,RPT,RPT Realty,SP600SmallCap,RUSHA replaced RPT after it was acquired by Kimco Realty.
"December 18, 2023",2023,added,SEE,Sealed Air,SP600SmallCap,SEE was moved from the S&P 500 as it was more representative of the small cap market space. OFIX was moved to the S&P 400 as it was more representative of the mid-cap market space.
"December 18, 2023",2023,removed,OFIX,Orthofix Medical,SP600SmallCap,SEE was moved from the S&P 500 as it was more representative of the small cap market space. OFIX was moved to the S&P 400 as it was more representative of the mid-cap market space.
"December 18, 2023",2023,added,ALSK,Alaska Air Group,SP600SmallCap,ALSK was moved from the S&P 500 as it was more representative of the small cap market space. RMBS was moved to the S&P 400 as it was more representative of the mid-cap market space.
"December 18, 2023",2023,removed,RMBS,Rambus,SP600SmallCap,ALSK was moved from the S&P 500 as it was more representative of the small cap market space. RMBS was moved to the S&P 400 as it was more representative of the mid-cap market space.
"December 18, 2023",2023,added,SEDG,SolarEdge,SP600SmallCap,SEDG was moved from the S&P 500 as it was more representative of the small cap market space. FIX was removed from the S&P 600 as it was no longer representative of the small-cap market space.
"December 18, 2023",2023,removed,FIX,Comfort Systems USA,SP600SmallCap,SEDG was moved from the S&P 500 as it was more representative of the small cap market space. FIX was removed from the S&P 600 as it was no longer representative of the small-cap market space.
"December 18, 2023",2023,added,MODG,Topgolf Callaway Brands,SP600SmallCap,MODG was moved from the S&P 400 as it was more representative of the small cap market space. CLFD was removed from the S&P 600 as it was no longer representative of the small-cap market space.
"December 18, 2023",2023,removed,CLFD,Clearfield,SP600SmallCap,MODG was moved from the S&P 400 as it was more representative of the small cap market space. CLFD was removed from the S&P 600 as it was no longer representative of the small-cap market space.
"December 18, 2023",2023,added,VSTS,Vestis,SP600SmallCap,VSTS was moved from the S&P 400 as it was more representative of the small cap market space. OSPN was removed from the S&P 600 as it was no longer representative of the small-cap market space.
"December 18, 2023",2023,removed,OSPN,OneSpan,SP600SmallCap,VSTS was moved from the S&P 400 as it was more representative of the small cap market space. OSPN was removed from the S&P 600 as it was no longer representative of the small-cap market space.
"December 18, 2023",2023,added,ALKS,Alkermes,SP600SmallCap,ALKS replaced CYH as it was no longer representative of the small-cap market space.
"December 18, 2023",2023,removed,CYH,"Community Health Systems, Inc.",SP600SmallCap,ALKS replaced CYH as it was no longer representative of the small-cap market space.
"December 18, 2023",2023,added,AWI,Armstrong World Industries,SP600SmallCap,AWI replaced IVR as it was no longer representative of the small-cap market space.
"December 18, 2023",2023,removed,IVR,Invesco Mortgage Capital,SP600SmallCap,AWI replaced IVR as it was no longer representative of the small-cap market space.
"December 18, 2023",2023,added,NHC,National Healthcare,SP600SmallCap,NHC replaced CDMO as it was no longer representative of the small-cap market space.
"December 18, 2023",2023,removed,CDMO,Avid Bioservices,SP600SmallCap,NHC replaced CDMO as it was no longer representative of the small-cap market space.
"December 18, 2023",2023,added,PJT,PJT Partners,SP600SmallCap,PJT replaced JRVR as it was no longer representative of the small-cap market space.
"December 18, 2023",2023,removed,JRVR,James River Group Holdings,SP600SmallCap,PJT replaced JRVR as it was no longer representative of the small-cap market space.
"December 4, 2023",2023,added,WS,Worthington Steel,SP600SmallCap,"WS was spun off from Worthington Industries, and replaced SNBR which was no longer representative of the small-cap market space. Post spin-off Worthington Industries was renamed Worthington Enterprises."
"December 4, 2023",2023,removed,SNBR,Sleep Number,SP600SmallCap,"WS was spun off from Worthington Industries, and replaced SNBR which was no longer representative of the small-cap market space. Post spin-off Worthington Industries was renamed Worthington Enterprises."
"November 30, 2023",2023,removed,VRTV,Veritiv,SP600SmallCap,"CWEN replaced VRTV after it was acquired by Clayton, Dubilier & Rice."
"November 30, 2023",2023,added,WOR,Worthington Industries,SP600SmallCap,"AVTA was acquired by Aretec Group, Inc. WOR was moved from the S&P 400 to replace it as it was more representative of the small cap market space."
"November 30, 2023",2023,removed,AVTA,Avantax,SP600SmallCap,"AVTA was acquired by Aretec Group, Inc. WOR was moved from the S&P 400 to replace it as it was more representative of the small cap market space."
"November 30, 2023",2023,added,ICUI,ICU Medical,SP600SmallCap,PACW was acquired by Banc of California. ICUI was moved from the S&P 400 to replace it as it was more representative of the small cap market space.
"November 30, 2023",2023,removed,PACW,PacWest Bancorp,SP600SmallCap,PACW was acquired by Banc of California. ICUI was moved from the S&P 400 to replace it as it was more representative of the small cap market space.
"November 13, 2023",2023,added,ACIW,ACI Worldwide,SP600SmallCap,NXGN was acquired by Thoma Bravo. ACIW was moved from the S&P 400 to replace it as it was more representative of the small cap market space.
"November 13, 2023",2023,removed,NXGN,NextGen Healthcare,SP600SmallCap,NXGN was acquired by Thoma Bravo. ACIW was moved from the S&P 400 to replace it as it was more representative of the small cap market space.
"November 10, 2023",2023,added,AMR,Alpha Metallurgical Resources,SP600SmallCap,AMR replaced AVID after it was acquired by Symphony Technology Group.
"November 10, 2023",2023,removed,AVID,Avid Technology,SP600SmallCap,AMR replaced AVID after it was acquired by Symphony Technology Group.
"November 7, 2023",2023,added,ENV,Envestnet,SP600SmallCap,TWNK was acquired by The J.M. Smucker Company. ENV was moved from the S&P 400 to replace it as it was more representative of the small cap market space.
"November 7, 2023",2023,removed,TWNK,Hostess Brands,SP600SmallCap,TWNK was acquired by The J.M. Smucker Company. ENV was moved from the S&P 400 to replace it as it was more representative of the small cap market space.
"October 20, 2023",2023,added,VICR,Vicor Corporation,SP600SmallCap,CIR was acquired by KKR & Co. Inc. VICR was moved from the S&P 400 to replace it as it was more representative of the small cap market space.
"October 20, 2023",2023,removed,CIR,CIRCOR International,SP600SmallCap,CIR was acquired by KKR & Co. Inc. VICR was moved from the S&P 400 to replace it as it was more representative of the small cap market space.
"October 18, 2023",2023,added,OGN,Organon & Co.,SP600SmallCap,OGN was moved from the S&P 500 as it was more representative of the small cap market space. ONTO was moved to the S&P 400 as it was more representative of the mid-cap market space.
"October 18, 2023",2023,removed,ONTO,Onto Innovation,SP600SmallCap,OGN was moved from the S&P 500 as it was more representative of the small cap market space. ONTO was moved to the S&P 400 as it was more representative of the mid-cap market space.
"October 18, 2023",2023,added,NATL,NCR Atleos,SP600SmallCap,"NATL was spun off from S&P 400 constituent NCR Corporation, renamed NCR Atleos, and replaced iTeos which was no longer representative of the small-cap market space."
"October 18, 2023",2023,removed,ITOS,iTeos Therapeutics,SP600SmallCap,"NATL was spun off from S&P 400 constituent NCR Corporation, renamed NCR Atleos, and replaced iTeos which was no longer representative of the small-cap market space."
"October 3, 2023",2023,added,KLG,WK Kellogg Co,SP600SmallCap,"KLG was spun off from S&P 500 constituent Kellogg's, renamed WK Kellogg, and replaced AVD which was no longer representative of the small-cap market space."
"October 3, 2023",2023,removed,AVD,American Vanguard Corporation,SP600SmallCap,"KLG was spun off from S&P 500 constituent Kellogg's, renamed WK Kellogg, and replaced AVD which was no longer representative of the small-cap market space."
"October 3, 2023",2023,added,KSS,Kohl's,SP600SmallCap,KSS was moved from the S&P 400 as it was more representative of the small cap market space. HA was removed from the S&P 600 as it was no longer representative of the small-cap market space.
"October 3, 2023",2023,removed,HA,Hawaiian Holdings,SP600SmallCap,KSS was moved from the S&P 400 as it was more representative of the small cap market space. HA was removed from the S&P 600 as it was no longer representative of the small-cap market space.
"October 3, 2023",2023,added,DXC,DXC Technology,SP600SmallCap,DXC was moved from the S&P 500 as it was more representative of the small cap market space. EBIX was removed from the S&P 600 as it was no longer representative of the small-cap market space.
"October 3, 2023",2023,removed,EBIX,Ebix,SP600SmallCap,DXC was moved from the S&P 500 as it was more representative of the small cap market space. EBIX was removed from the S&P 600 as it was no longer representative of the small-cap market space.
"September 29, 2023",2023,added,HAYW,Hayward Holdings,SP600SmallCap,HAYW replaced CIVI which replaced Syneos Health in the S&P 400.
"September 29, 2023",2023,removed,CIVI,Civitas Resources,SP600SmallCap,HAYW replaced CIVI which replaced Syneos Health in the S&P 400.
"September 18, 2023",2023,added,APLE,Apple Hospitality REIT,SP600SmallCap,Market capitalization change.
"September 18, 2023",2023,removed,CPSI,Computer Programs and Systems,SP600SmallCap,Market capitalization change.
"September 18, 2023",2023,added,LBRT,Liberty Energy,SP600SmallCap,Market capitalization change.
"September 18, 2023",2023,removed,ZYXI,Zynex,SP600SmallCap,Market capitalization change.
"September 18, 2023",2023,added,BXMT,Blackstone Mortgage Trust,SP600SmallCap,Market capitalization change.
"September 18, 2023",2023,removed,RMAX,RE/MAX,SP600SmallCap,Market capitalization change.
"September 18, 2023",2023,added,HASI,Hannon Armstrong,SP600SmallCap,Market capitalization change.
"September 18, 2023",2023,removed,FF,FutureFuel,SP600SmallCap,Market capitalization change.
"September 18, 2023",2023,added,JBLU,JetBlue,SP600SmallCap,Market capitalization change.
"September 18, 2023",2023,removed,ONL,Orion Office REIT,SP600SmallCap,Market capitalization change.
"September 18, 2023",2023,added,TRIP,TripAdvisor,SP600SmallCap,Market capitalization change.
"September 18, 2023",2023,removed,VNDA,Vanda Pharmaceuticals,SP600SmallCap,Market capitalization change.
"September 18, 2023",2023,added,HIW,Highwoods Properties,SP600SmallCap,Market capitalization change.
"September 18, 2023",2023,removed,ANGO,AngioDynamics,SP600SmallCap,Market capitalization change.
"September 18, 2023",2023,added,XRX,Xerox,SP600SmallCap,Market capitalization change.
"September 18, 2023",2023,removed,OPI,Office Properties Income Trust,SP600SmallCap,Market capitalization change.
"September 18, 2023",2023,added,ENR,Energizer,SP600SmallCap,Market capitalization change.
"September 18, 2023",2023,removed,EGHT,8x8,SP600SmallCap,Market capitalization change.
"September 18, 2023",2023,added,CATY,Cathay Bank,SP600SmallCap,Market capitalization change.
"September 18, 2023",2023,removed,CHRS,Coherus Biosciences,SP600SmallCap,Market capitalization change.
"September 18, 2023",2023,added,SXT,Sensient Technologies,SP600SmallCap,Market capitalization change.
"September 18, 2023",2023,removed,NTGR,Netgear,SP600SmallCap,Market capitalization change.
"September 18, 2023",2023,added,PZZA,Papa John's,SP600SmallCap,Market capitalization change.
"September 18, 2023",2023,removed,AAN,"Aaron's, Inc.",SP600SmallCap,Market capitalization change.
"September 18, 2023",2023,added,OMCL,Omnicell,SP600SmallCap,Market capitalization change.
"September 18, 2023",2023,removed,TSE,Trinseo,SP600SmallCap,Market capitalization change.
"September 18, 2023",2023,added,NWL,Newell Brands,SP600SmallCap,Market capitalization change.
"September 18, 2023",2023,removed,UVE,Universal Insurance Holdings,SP600SmallCap,Market capitalization change.
"September 18, 2023",2023,added,LNC,Lincoln National,SP600SmallCap,Market capitalization change.
"September 18, 2023",2023,removed,QURE,UniQure,SP600SmallCap,Market capitalization change.
"September 1, 2023",2023,added,JXN,Jackson Financial,SP600SmallCap,JXN replaced NEX after it was acquired by Patterson-UTI.
"September 1, 2023",2023,removed,NEX,NexTier Oilfield Solutions,SP600SmallCap,JXN replaced NEX after it was acquired by Patterson-UTI.
"September 1, 2023",2023,added,GSHD,Goosehead Insurance,SP600SmallCap,GSHD replaced NUVA after it was acquired by Globus Medical.
"September 1, 2023",2023,removed,NUVA,NuVasive,SP600SmallCap,GSHD replaced NUVA after it was acquired by Globus Medical.
"August 25, 2023",2023,added,AAP,Advance Auto Parts,SP600SmallCap,AAP was moved from the S&P 500 as it was more representative of the small cap market space. EBS was removed from the S&P 600 as it was no longer representative of the small-cap market space.
"August 25, 2023",2023,removed,EBS,Emergent BioSolutions,SP600SmallCap,AAP was moved from the S&P 500 as it was more representative of the small cap market space. EBS was removed from the S&P 600 as it was no longer representative of the small-cap market space.
"August 22, 2023",2023,added,STAA,Staar Surgical,SP600SmallCap,UBA was acquired by Regency Centers. STAA was moved from the S&P 400 to replace it as it was more representative of the small cap market space.
"August 22, 2023",2023,removed,UBA,Urstadt Biddle Properties,SP600SmallCap,UBA was acquired by Regency Centers. STAA was moved from the S&P 400 to replace it as it was more representative of the small cap market space.
"August 21, 2023",2023,added,MRCY,Mercury Systems,SP600SmallCap,ARNC was acquired by Apollo Global Management. MRCY was moved from the S&P 400 to replace it as it was more representative of the small cap market space.
"August 21, 2023",2023,removed,ARNC,Arconic,SP600SmallCap,ARNC was acquired by Apollo Global Management. MRCY was moved from the S&P 400 to replace it as it was more representative of the small cap market space.
"August 1, 2023",2023,added,MSGS,Madison Square Garden Sports,SP600SmallCap,MSGS replaced AJRD after it was acquired by L3Harris.
"August 1, 2023",2023,removed,AJRD,Aerojet Rocketdyne,SP600SmallCap,MSGS replaced AJRD after it was acquired by L3Harris.
"July 3, 2023",2023,added,FTRE,Fortrea,SP600SmallCap,FTRE was spun off from Labcorp and replaced SENEA which was no longer representative of the small-cap market space.
"July 3, 2023",2023,removed,SENEA,Seneca Foods,SP600SmallCap,FTRE was spun off from Labcorp and replaced SENEA which was no longer representative of the small-cap market space.
"July 3, 2023",2023,added,PHIN,PHINIA,SP600SmallCap,PHIN was spun off from BorgWarner and replaced LOCO which was no longer representative of the small-cap market space.
"July 3, 2023",2023,removed,LOCO,El Pollo Loco,SP600SmallCap,PHIN was spun off from BorgWarner and replaced LOCO which was no longer representative of the small-cap market space.
"June 23, 2023",2023,added,ABR,Arbor Realty Trust,SP600SmallCap,ABR replaced ROCC after it was acquired by Baytex Energy.
"June 23, 2023",2023,removed,ROCC,Ranger Oil,SP600SmallCap,ABR replaced ROCC after it was acquired by Baytex Energy.
"June 19, 2023",2023,added,DISH,Dish Network,SP600SmallCap,DISH was moved from the S&P 500 as it was more representative of the small cap market space. CUTR was removed from the S&P 600 as it was no longer representative of the small-cap market space.
"June 19, 2023",2023,removed,CUTR,"Cutera, Inc.",SP600SmallCap,DISH was moved from the S&P 500 as it was more representative of the small cap market space. CUTR was removed from the S&P 600 as it was no longer representative of the small-cap market space.
"June 19, 2023",2023,added,NAVI,Navient,SP600SmallCap,NAVI was moved from the S&P 400 as it was more representative of the small cap market space. ZUMZ was removed from the S&P 600 as it was no longer representative of the small-cap market space.
"June 19, 2023",2023,removed,ZUMZ,Zumiez,SP600SmallCap,NAVI was moved from the S&P 400 as it was more representative of the small cap market space. ZUMZ was removed from the S&P 600 as it was no longer representative of the small-cap market space.
"June 19, 2023",2023,added,SITM,SiTime,SP600SmallCap,SITM was moved from the S&P 400 as it was more representative of the small cap market space. GCO was removed from the S&P 600 as it was no longer representative of the small-cap market space.
"June 19, 2023",2023,removed,GCO,Genesco,SP600SmallCap,SITM was moved from the S&P 400 as it was more representative of the small cap market space. GCO was removed from the S&P 600 as it was no longer representative of the small-cap market space.
"June 19, 2023",2023,added,MAC,Macerich,SP600SmallCap,MAC was moved from the S&P 400 as it was more representative of the small cap market space. BOOM was removed from the S&P 600 as it was no longer representative of the small-cap market space.
"June 19, 2023",2023,removed,BOOM,Dynamic Materials Corporation,SP600SmallCap,MAC was moved from the S&P 400 as it was more representative of the small cap market space. BOOM was removed from the S&P 600 as it was no longer representative of the small-cap market space.
"June 19, 2023",2023,added,VSCO,Victoria's Secret,SP600SmallCap,VSCO was moved from the S&P 400 as it was more representative of the small cap market space. GCI was removed from the S&P 600 as it was no longer representative of the small-cap market space.
"June 19, 2023",2023,removed,GCI,Gannett,SP600SmallCap,VSCO was moved from the S&P 400 as it was more representative of the small cap market space. GCI was removed from the S&P 600 as it was no longer representative of the small-cap market space.
"June 19, 2023",2023,added,DEI,Douglas Emmett,SP600SmallCap,DEI was moved from the S&P 400 as it was more representative of the small cap market space. LPSN was removed from the S&P 600 as it was no longer representative of the small-cap market space.
"June 19, 2023",2023,removed,LPSN,LivePerson,SP600SmallCap,DEI was moved from the S&P 400 as it was more representative of the small cap market space. LPSN was removed from the S&P 600 as it was no longer representative of the small-cap market space.
"June 19, 2023",2023,added,FULT,Fulton Financial Corporation,SP600SmallCap,FULT was moved from the S&P 400 as it was more representative of the small cap market space. RYAM was removed from the S&P 600 as it was no longer representative of the small-cap market space.
"June 19, 2023",2023,removed,RYAM,Rayonier Advanced Materials,SP600SmallCap,FULT was moved from the S&P 400 as it was more representative of the small cap market space. RYAM was removed from the S&P 600 as it was no longer representative of the small-cap market space.
"June 19, 2023",2023,added,NGVT,Ingevity Corp.,SP600SmallCap,NGVT was moved from the S&P 400 as it was more representative of the small cap market space. PLCE was removed from the S&P 600 as it was no longer representative of the small-cap market space.
"June 19, 2023",2023,removed,PLCE,The Children's Place,SP600SmallCap,NGVT was moved from the S&P 400 as it was more representative of the small cap market space. PLCE was removed from the S&P 600 as it was no longer representative of the small-cap market space.
"June 19, 2023",2023,added,SPWR,SunPower,SP600SmallCap,SPWR was moved from the S&P 400 as it was more representative of the small cap market space. EGRX was removed from the S&P 600 as it was no longer representative of the small-cap market space.
"June 19, 2023",2023,removed,EGRX,"Eagle Pharmaceuticals, Inc.",SP600SmallCap,SPWR was moved from the S&P 400 as it was more representative of the small cap market space. EGRX was removed from the S&P 600 as it was no longer representative of the small-cap market space.
"June 19, 2023",2023,added,WLY,John Wiley & Sons,SP600SmallCap,WLY was moved from the S&P 400 as it was more representative of the small cap market space. CMTL was removed from the S&P 600 as it was no longer representative of the small-cap market space.
"June 19, 2023",2023,removed,CMTL,Comtech Telecommunications Corp.,SP600SmallCap,WLY was moved from the S&P 400 as it was more representative of the small cap market space. CMTL was removed from the S&P 600 as it was no longer representative of the small-cap market space.
"June 19, 2023",2023,added,DAN,Dana Incorporated,SP600SmallCap,DAN was moved from the S&P 400 as it was more representative of the small cap market space. PETS was removed from the S&P 600 as it was no longer representative of the small-cap market space.
"June 19, 2023",2023,removed,PETS,PetMed Express,SP600SmallCap,DAN was moved from the S&P 400 as it was more representative of the small cap market space. PETS was removed from the S&P 600 as it was no longer representative of the small-cap market space.
"June 19, 2023",2023,added,UFPT,UFP Technologies,SP600SmallCap,BIG was removed from the S&P 600 and replaced with UFPT as it was no longer representative of the small-cap market space.
"June 19, 2023",2023,removed,BIG,Big Lots,SP600SmallCap,BIG was removed from the S&P 600 and replaced with UFPT as it was no longer representative of the small-cap market space.
"June 19, 2023",2023,added,SDGR,"Schrödinger, Inc.",SP600SmallCap,CARA was removed from the S&P 600 and replaced with SDGR as it was no longer representative of the small-cap market space.
"June 19, 2023",2023,removed,CARA,Cara Therapeutics,SP600SmallCap,CARA was removed from the S&P 600 and replaced with SDGR as it was no longer representative of the small-cap market space.
"June 19, 2023",2023,added,PECO,Phillips Edison & Company,SP600SmallCap,FARO was removed from the S&P 600 and replaced with PECO as it was no longer representative of the small-cap market space.
"June 19, 2023",2023,removed,FARO,FARO Technologies,SP600SmallCap,FARO was removed from the S&P 600 and replaced with PECO as it was no longer representative of the small-cap market space.
"June 19, 2023",2023,added,MC,Moelis & Company,SP600SmallCap,DOUG was removed from the S&P 600 and replaced with MC as it was no longer representative of the small-cap market space.
"June 19, 2023",2023,removed,DOUG,Douglas Elliman,SP600SmallCap,DOUG was removed from the S&P 600 and replaced with MC as it was no longer representative of the small-cap market space.
"June 19, 2023",2023,added,CARG,CarGurus,SP600SmallCap,INGN was removed from the S&P 600 and replaced with CARG as it was no longer representative of the small-cap market space.
"June 19, 2023",2023,removed,INGN,Inogen,SP600SmallCap,INGN was removed from the S&P 600 and replaced with CARG as it was no longer representative of the small-cap market space.
"June 19, 2023",2023,added,CRC,California Resources Corporation,SP600SmallCap,TG was removed from the S&P 600 and replaced with CRC as it was no longer representative of the small-cap market space.
"June 19, 2023",2023,removed,TG,Tredegar Corporation,SP600SmallCap,TG was removed from the S&P 600 and replaced with CRC as it was no longer representative of the small-cap market space.
"June 19, 2023",2023,added,APAM,Artisan Partners Asset Management,SP600SmallCap,TREE was removed from the S&P 600 and replaced with APAM as it was no longer representative of the small-cap market space.
"June 19, 2023",2023,removed,TREE,LendingTree,SP600SmallCap,TREE was removed from the S&P 600 and replaced with APAM as it was no longer representative of the small-cap market space.
"June 14, 2023",2023,added,EXPI,eXp World Holdings,SP600SmallCap,"EXPI replaced HSKA after it was acquired by Mars, Incorporated."
"June 14, 2023",2023,removed,HSKA,Heska Corporation,SP600SmallCap,"EXPI replaced HSKA after it was acquired by Mars, Incorporated."
"June 14, 2023",2023,added,PRVA,Privia Health Group,SP600SmallCap,PRVA replaced RUTH after it was acquired by Darden Restaurants.
"June 14, 2023",2023,removed,RUTH,Ruth's Hospitality Group,SP600SmallCap,PRVA replaced RUTH after it was acquired by Darden Restaurants.
"June 1, 2023",2023,added,BOH,Bank of Hawaii,SP600SmallCap,BOH was moved from the S&P 400 as it was more representative of the small cap market space. HMST was removed from the S&P 600 as it was no longer representative of the small-cap market space.
"June 1, 2023",2023,removed,HMST,HomeStreet Bank,SP600SmallCap,BOH was moved from the S&P 400 as it was more representative of the small cap market space. HMST was removed from the S&P 600 as it was no longer representative of the small-cap market space.
"May 1, 2023",2023,added,CTKB,Cytek Biosciences,SP600SmallCap,CTKB replaced CSII after it was acquired by Abbott Laboratories.
"May 1, 2023",2023,removed,CSII,Cardiovascular Systems,SP600SmallCap,CTKB replaced CSII after it was acquired by Abbott Laboratories.
"April 5, 2023",2023,added,PACW,PacWest Bancorp,SP600SmallCap,PACW was moved from the S&P 400 as it was more representative of the small cap market space. NKTR was removed from the S&P 600 as it was no longer representative of the small-cap market space.
"April 5, 2023",2023,removed,NKTR,Nektar Therapeutics,SP600SmallCap,PACW was moved from the S&P 400 as it was more representative of the small cap market space. NKTR was removed from the S&P 600 as it was no longer representative of the small-cap market space.
"April 3, 2023",2023,added,NABL,N-able,SP600SmallCap,"NABL replaced STAR after it was acquired by Safehold, Inc."
"April 3, 2023",2023,removed,STAR,iStar,SP600SmallCap,"NABL replaced STAR after it was acquired by Safehold, Inc."
"March 22, 2023",2023,added,CERT,Certara,SP600SmallCap,"CERT replaced EXPO which replaced IAA, Inc. in the S&P 400 after it was acquired by Ritchie Bros. Auctioneers."
"March 22, 2023",2023,removed,EXPO,Exponent,SP600SmallCap,"CERT replaced EXPO which replaced IAA, Inc. in the S&P 400 after it was acquired by Ritchie Bros. Auctioneers."
"March 21, 2023",2023,added,CVI,CVR Energy,SP600SmallCap,CVI replaced AAWW after it was acquired by Apollo Global Management.
"March 21, 2023",2023,removed,AAWW,Atlas Air Worldwide Holdings,SP600SmallCap,CVI replaced AAWW after it was acquired by Apollo Global Management.
"March 20, 2023",2023,added,LUMN,Lumen Technologies,SP600SmallCap,LUMN was moved from the S&P 500 as it was more representative of the small cap market space. BBBY was removed from the S&P 600 as it was no longer representative of the small-cap market space.
"March 20, 2023",2023,removed,BBBY,Bed Bath & Beyond,SP600SmallCap,LUMN was moved from the S&P 500 as it was more representative of the small cap market space. BBBY was removed from the S&P 600 as it was no longer representative of the small-cap market space.
"March 20, 2023",2023,added,TNDM,Tandem Diabetes Care,SP600SmallCap,TNDM was moved from the S&P 400 as it was more representative of the small cap market space. ZIMV was removed from the S&P 600 as it was no longer representative of the small-cap market space.
"March 20, 2023",2023,removed,ZIMV,ZimVie,SP600SmallCap,TNDM was moved from the S&P 400 as it was more representative of the small cap market space. ZIMV was removed from the S&P 600 as it was no longer representative of the small-cap market space.
"March 20, 2023",2023,added,HBI,Hanesbrands,SP600SmallCap,HBI was moved from the S&P 400 as it was more representative of the small cap market space. OPRX was removed from the S&P 600 as it was no longer representative of the small-cap market space.
"March 20, 2023",2023,removed,OPRX,OptimizeRx,SP600SmallCap,HBI was moved from the S&P 400 as it was more representative of the small cap market space. OPRX was removed from the S&P 600 as it was no longer representative of the small-cap market space.
"March 20, 2023",2023,added,PEB,Pebblebrook Hotel Trust,SP600SmallCap,PEB was moved from the S&P 400 as it was more representative of the small cap market space. ILPT was removed from the S&P 600 as it was no longer representative of the small-cap market space.
"March 20, 2023",2023,removed,ILPT,Industrial Logistics Properties Trust,SP600SmallCap,PEB was moved from the S&P 400 as it was more representative of the small cap market space. ILPT was removed from the S&P 600 as it was no longer representative of the small-cap market space.
"March 20, 2023",2023,added,JBGS,JBG Smith,SP600SmallCap,JBGS was moved from the S&P 400 as it was more representative of the small cap market space. GPMT was removed from the S&P 600 as it was no longer representative of the small-cap market space.
"March 20, 2023",2023,removed,GPMT,Granite Point Mortgage Trust,SP600SmallCap,JBGS was moved from the S&P 400 as it was more representative of the small cap market space. GPMT was removed from the S&P 600 as it was no longer representative of the small-cap market space.
"March 20, 2023",2023,added,KMT,Kennametal,SP600SmallCap,KMT was moved from the S&P 400 as it was more representative of the small cap market space. PKE was removed from the S&P 600 as it was no longer representative of the small-cap market space.
"March 20, 2023",2023,removed,PKE,Park Aerospace Corp,SP600SmallCap,KMT was moved from the S&P 400 as it was more representative of the small cap market space. PKE was removed from the S&P 600 as it was no longer representative of the small-cap market space.
"March 20, 2023",2023,added,DY,Dycom Industries,SP600SmallCap,DY was moved from the S&P 400 as it was more representative of the small cap market space. HT was removed from the S&P 600 as it was no longer representative of the small-cap market space.
"March 20, 2023",2023,removed,HT,Hersha Hospitality Trust,SP600SmallCap,DY was moved from the S&P 400 as it was more representative of the small cap market space. HT was removed from the S&P 600 as it was no longer representative of the small-cap market space.
"March 20, 2023",2023,added,WAFD,"WaFd, Inc.",SP600SmallCap,WAFD was moved from the S&P 400 as it was more representative of the small cap market space. SRDX was removed from the S&P 600 as it was no longer representative of the small-cap market space.
"March 20, 2023",2023,removed,SRDX,Surmodics,SP600SmallCap,WAFD was moved from the S&P 400 as it was more representative of the small cap market space. SRDX was removed from the S&P 600 as it was no longer representative of the small-cap market space.
"March 20, 2023",2023,added,VSAT,Viasat,SP600SmallCap,VSAT was moved from the S&P 400 as it was more representative of the small cap market space. ORGO was removed from the S&P 600 as it was no longer representative of the small-cap market space.
"March 20, 2023",2023,removed,ORGO,Organogenesis,SP600SmallCap,VSAT was moved from the S&P 400 as it was more representative of the small cap market space. ORGO was removed from the S&P 600 as it was no longer representative of the small-cap market space.
"March 20, 2023",2023,added,CBRL,Cracker Barrel,SP600SmallCap,CBRL was moved from the S&P 400 as it was more representative of the small cap market space. UIS was removed from the S&P 600 as it was no longer representative of the small-cap market space.
"March 20, 2023",2023,removed,UIS,Unisys,SP600SmallCap,CBRL was moved from the S&P 400 as it was more representative of the small cap market space. UIS was removed from the S&P 600 as it was no longer representative of the small-cap market space.
"March 20, 2023",2023,added,SLG,SL Green Realty,SP600SmallCap,SLG was moved from the S&P 400 as it was more representative of the small cap market space. PNTG was removed from the S&P 600 as it was no longer representative of the small-cap market space.
"March 20, 2023",2023,removed,PNTG,Pennant Group,SP600SmallCap,SLG was moved from the S&P 400 as it was more representative of the small cap market space. PNTG was removed from the S&P 600 as it was no longer representative of the small-cap market space.
"March 20, 2023",2023,added,RDN,Radian Group,SP600SmallCap,RDN replaced UEIC which was no longer representative of the small-cap market space.
"March 20, 2023",2023,removed,UEIC,Universal Electronics Inc,SP600SmallCap,RDN replaced UEIC which was no longer representative of the small-cap market space.
"March 20, 2023",2023,added,NEX,NexTier Oilfield Solutions,SP600SmallCap,NEX replaced MPAA which was no longer representative of the small-cap market space.
"March 20, 2023",2023,removed,MPAA,Motorcar Parts of America,SP600SmallCap,NEX replaced MPAA which was no longer representative of the small-cap market space.
"March 20, 2023",2023,added,AUB,Atlantic Union Bank,SP600SmallCap,AUB replaced FSB which was no longer representative of the small-cap market space.
"March 20, 2023",2023,removed,FSP,Franklin Street Properties Corp.,SP600SmallCap,AUB replaced FSB which was no longer representative of the small-cap market space.
"March 20, 2023",2023,added,KW,Kennedy Wilson,SP600SmallCap,KW replaced WW which was no longer representative of the small-cap market space.
"March 20, 2023",2023,removed,WW,WW International,SP600SmallCap,KW replaced WW which was no longer representative of the small-cap market space.
"March 1, 2023",2023,added,VRRM,Verra Mobility,SP600SmallCap,"VRRM replaced COLB which replaced Umpqua Holdings Corporation in the S&P 400. COLB acquired Umpqua Holdings and post-merger, COLB market cap was more representative of the mid-cap market space."
"March 1, 2023",2023,removed,COLB,Columbia Banking System,SP600SmallCap,"VRRM replaced COLB which replaced Umpqua Holdings Corporation in the S&P 400. COLB acquired Umpqua Holdings and post-merger, COLB market cap was more representative of the mid-cap market space."
"February 23, 2023",2023,added,OTTR,Otter Tail Corporation,SP600SmallCap,"OTTR replaced UFP which replaced LHC Group, Inc. in the S&P 400 after it was acquired by UnitedHealth Group."
"February 23, 2023",2023,removed,UFPI,UFP Industries,SP600SmallCap,"OTTR replaced UFP which replaced LHC Group, Inc. in the S&P 400 after it was acquired by UnitedHealth Group."
"February 6, 2023",2023,added,CRK,Comstock Resources,SP600SmallCap,CRK replaced ADC which replaced Store Capital in the S&P 400 after it was acquired by GIC and Oak Street.
"February 6, 2023",2023,removed,ADC,Agree Realty Corp.,SP600SmallCap,CRK replaced ADC which replaced Store Capital in the S&P 400 after it was acquired by GIC and Oak Street.
"February 2, 2023",2023,added,NOG,Northern Oil and Gas,SP600SmallCap,NOG replaced SJI after it was acquired by Infrastructure Investments Fund.
"February 2, 2023",2023,removed,SJI,South Jersey Industries,SP600SmallCap,NOG replaced SJI after it was acquired by Infrastructure Investments Fund.
"January 31, 2023",2023,added,DV,DoubleVerify,SP600SmallCap,DV replaced VIVO after it was acquired by SD Biosensor.
"January 31, 2023",2023,removed,VIVO,Meridian Bioscience,SP600SmallCap,DV replaced VIVO after it was acquired by SD Biosensor.
"January 5, 2023",2023,added,RXO,RXO,SP600SmallCap,RXO was moved from the S&P 400 as it was more representative of the small cap market space. JYNT was removed from the S&P 600 as it was no longer representative of the small-cap market space.
"January 5, 2023",2023,removed,JYNT,The Joint Corp.,SP600SmallCap,RXO was moved from the S&P 400 as it was more representative of the small cap market space. JYNT was removed from the S&P 600 as it was no longer representative of the small-cap market space.
"December 19, 2022",2022,added,MBC,MasterBrand,SP600SmallCap,MBC was spun off from Fortune Brands Innovations and replaced CONN which was no longer representative of the small-cap market space.
"December 19, 2022",2022,removed,CONN,Conn's,SP600SmallCap,MBC was spun off from Fortune Brands Innovations and replaced CONN which was no longer representative of the small-cap market space.
"December 19, 2022",2022,added,NUVA,NuVasive,SP600SmallCap,NUVA was moved from the S&P 400 as it was more representative of the small cap market space. TUP was removed from the S&P 600 as it was no longer representative of the small-cap market space.
"December 19, 2022",2022,removed,TUP,Tupperware Brands,SP600SmallCap,NUVA was moved from the S&P 400 as it was more representative of the small cap market space. TUP was removed from the S&P 600 as it was no longer representative of the small-cap market space.
"December 19, 2022",2022,added,SMTC,Semtech,SP600SmallCap,SMTC was moved from the S&P 400 as it was more representative of the small cap market space. DHC was removed from the S&P 600 as it was no longer representative of the small-cap market space.
"December 19, 2022",2022,removed,DHC,Diversified Healthcare Trust,SP600SmallCap,SMTC was moved from the S&P 400 as it was more representative of the small cap market space. DHC was removed from the S&P 600 as it was no longer representative of the small-cap market space.
"December 19, 2022",2022,added,CWK,Cushman & Wakefield,SP600SmallCap,CWK was moved from the S&P 400 as it was more representative of the small cap market space. DBD was removed from the S&P 600 as it was no longer representative of the small-cap market space.
"December 19, 2022",2022,removed,DBD,Diebold Nixdorf,SP600SmallCap,CWK was moved from the S&P 400 as it was more representative of the small cap market space. DBD was removed from the S&P 600 as it was no longer representative of the small-cap market space.
"December 19, 2022",2022,added,SJW,SJW Group,SP600SmallCap,SJW was moved from the S&P 400 as it was more representative of the small cap market space. CATO was removed from the S&P 600 as it was no longer representative of the small-cap market space.
"December 19, 2022",2022,removed,CATO,Cato Corporation,SP600SmallCap,SJW was moved from the S&P 400 as it was more representative of the small cap market space. CATO was removed from the S&P 600 as it was no longer representative of the small-cap market space.
"December 19, 2022",2022,added,AGTI,Agiliti,SP600SmallCap,AGTI was moved from the S&P 400 as it was more representative of the small cap market space. LL was removed from the S&P 600 as it was no longer representative of the small-cap market space.
"December 19, 2022",2022,removed,LL,LL Flooring,SP600SmallCap,AGTI was moved from the S&P 400 as it was more representative of the small cap market space. LL was removed from the S&P 600 as it was no longer representative of the small-cap market space.
"December 1, 2022",2022,added,SABR,Sabre Corporation,SP600SmallCap,FBC was acquired by New York Community Bancorp. SABR was moved from the S&P 400 to replace it as it was more representative of the small cap market space.
"December 1, 2022",2022,removed,FBC,Flagstar Bancorp,SP600SmallCap,FBC was acquired by New York Community Bancorp. SABR was moved from the S&P 400 to replace it as it was more representative of the small cap market space.
"December 1, 2022",2022,added,NUS,Nu Skin Enterprises,SP600SmallCap,NUS was moved from the S&P 400 as it was more representative of the small cap market space. PBF was removed from the S&P 600 as it was no longer representative of the small-cap market space.
"December 1, 2022",2022,removed,PBF,PBF Energy,SP600SmallCap,NUS was moved from the S&P 400 as it was more representative of the small cap market space. PBF was removed from the S&P 600 as it was no longer representative of the small-cap market space.
"November 2, 2022",2022,added,BFH,Bread Financial,SP600SmallCap,BFH was moved from the S&P 400 as it was more representative of the small cap market space. UFI was removed from the S&P 600 as it was no longer representative of the small-cap market space.
"November 2, 2022",2022,removed,UFI,Unifi,SP600SmallCap,BFH was moved from the S&P 400 as it was more representative of the small cap market space. UFI was removed from the S&P 600 as it was no longer representative of the small-cap market space.
"October 18, 2022",2022,added,MLKN,MillerKnoll,SP600SmallCap,"CVET was acquired by Clayton, Dubilier & Rice. MLKN was moved from the S&P 400 to replace it as it was more representative of the small cap market space."
"October 18, 2022",2022,removed,CVET,Covetrus,SP600SmallCap,"CVET was acquired by Clayton, Dubilier & Rice. MLKN was moved from the S&P 400 to replace it as it was more representative of the small cap market space."
"October 12, 2022",2022,added,PAYO,Payoneer,SP600SmallCap,PAYO replaced LNTH which replaced Targa Resources in the S&P 400 after it was moved to the S&P 500.
"October 12, 2022",2022,removed,LNTH,Lantheus Holdings,SP600SmallCap,PAYO replaced LNTH which replaced Targa Resources in the S&P 400 after it was moved to the S&P 500.
"October 3, 2022",2022,added,HAIN,Hain Celestial Group,SP600SmallCap,"HNGR was acquired by Patient Square Capital, LP. HAIN was moved from the S&P 400 to replace it as it was more representative of the small cap market space."
"October 3, 2022",2022,removed,HNGR,"Hanger, Inc.",SP600SmallCap,"HNGR was acquired by Patient Square Capital, LP. HAIN was moved from the S&P 400 to replace it as it was more representative of the small cap market space."
"October 3, 2022",2022,added,MCW,Mister Car Wash,SP600SmallCap,MCW replaced EXLS which replaced EQT Corp. in the S&P 400 after it was moved to the S&P 500.
"October 3, 2022",2022,removed,EXLS,EXL Service Holdings,SP600SmallCap,MCW replaced EXLS which replaced EQT Corp. in the S&P 400 after it was moved to the S&P 500.
"October 3, 2022",2022,added,XPER,"Xperi, Inc.",SP600SmallCap,Xperi Holding Corporation spun off Xperi Incorporated. Post spin off both companies remained in the S&P 600 but Xperi Holding Corporation was renamed to Adeia Incorporated (Nasdaq: ADEA). SLQT was removed from the S&P 600 as it was no longer representative of the small-cap market space.
"October 3, 2022",2022,removed,SLQT,SelectQuote,SP600SmallCap,Xperi Holding Corporation spun off Xperi Incorporated. Post spin off both companies remained in the S&P 600 but Xperi Holding Corporation was renamed to Adeia Incorporated (Nasdaq: ADEA). SLQT was removed from the S&P 600 as it was no longer representative of the small-cap market space.
"October 3, 2022",2022,added,STEL,Stellar Bancorp,SP600SmallCap,"ABTX was acquired by CBTX, Inc. and post merger the combined company changed its name and ticker symbol to Stellar Bancorp (Nasdaq: STEL)."
"October 3, 2022",2022,removed,ABTX,Allegiance Bancshares,SP600SmallCap,"ABTX was acquired by CBTX, Inc. and post merger the combined company changed its name and ticker symbol to Stellar Bancorp (Nasdaq: STEL)."
"September 28, 2022",2022,added,LESL,Leslie's,SP600SmallCap,LESL replaced GCP after it was acquired by Compagnie de Saint-Gobain S.A.
"September 28, 2022",2022,removed,GCP,GCP Applied Technologies,SP600SmallCap,LESL replaced GCP after it was acquired by Compagnie de Saint-Gobain S.A.
"September 19, 2022",2022,added,HPP,Hudson Pacific Properties,SP600SmallCap,HPP was moved from the S&P 400 as it was more representative of the small cap market space. APEI was removed from the S&P 600 as it was no longer representative of the small-cap market space.
"September 19, 2022",2022,removed,APEI,American Public Education,SP600SmallCap,HPP was moved from the S&P 400 as it was more representative of the small cap market space. APEI was removed from the S&P 600 as it was no longer representative of the small-cap market space.
"September 19, 2022",2022,added,MCY,Mercury General,SP600SmallCap,MCY was moved from the S&P 400 as it was more representative of the small cap market space. EHTH was removed from the S&P 600 as it was no longer representative of the small-cap market space.
"September 19, 2022",2022,removed,EHTH,eHealth,SP600SmallCap,MCY was moved from the S&P 400 as it was more representative of the small cap market space. EHTH was removed from the S&P 600 as it was no longer representative of the small-cap market space.
"September 19, 2022",2022,added,AEO,American Eagle Outfitters,SP600SmallCap,AEO was moved from the S&P 400 as it was more representative of the small cap market space. CAMP was removed from the S&P 600 as it was no longer representative of the small-cap market space.
"September 19, 2022",2022,removed,CAMP,CalAmp,SP600SmallCap,AEO was moved from the S&P 400 as it was more representative of the small cap market space. CAMP was removed from the S&P 600 as it was no longer representative of the small-cap market space.
"September 19, 2022",2022,added,MTX,Minerals Technology,SP600SmallCap,MTX was moved from the S&P 400 as it was more representative of the small cap market space. GLT was removed from the S&P 600 as it was no longer representative of the small-cap market space.
"September 19, 2022",2022,removed,GLT,Glatfelter,SP600SmallCap,MTX was moved from the S&P 400 as it was more representative of the small cap market space. GLT was removed from the S&P 600 as it was no longer representative of the small-cap market space.
"September 19, 2022",2022,added,OUT,Outfront Media,SP600SmallCap,OUT was moved from the S&P 400 as it was more representative of the small cap market space. FOSL was removed from the S&P 600 as it was no longer representative of the small-cap market space.
"September 19, 2022",2022,removed,FOSL,Fossil Group,SP600SmallCap,OUT was moved from the S&P 400 as it was more representative of the small cap market space. FOSL was removed from the S&P 600 as it was no longer representative of the small-cap market space.
"September 15, 2022",2022,added,CPRX,Catalyst Pharmaceuticals,SP600SmallCap,CPRX replaced MANT after it was acquired by The Carlyle Group.
"September 15, 2022",2022,removed,MANT,ManTech International,SP600SmallCap,CPRX replaced MANT after it was acquired by The Carlyle Group.
"September 1, 2022",2022,added,AVID,Avid Technology,SP600SmallCap,AVID replaced POLY after it was acquired by HP Inc.
"September 1, 2022",2022,removed,POLY,Plantronics,SP600SmallCap,AVID replaced POLY after it was acquired by HP Inc.
"August 10, 2022",2022,added,CLFD,Clearfield,SP600SmallCap,CLFD replaced CELH which replaced American Campus Communities in the S&P 400 after it was acquired by Blackstone Inc.
"August 10, 2022",2022,removed,CELH,Celsius Holdings,SP600SmallCap,CLFD replaced CELH which replaced American Campus Communities in the S&P 400 after it was acquired by Blackstone Inc.
"August 4, 2022",2022,added,AHCO,AdaptHealth,SP600SmallCap,AHCO replaced MTOR after it was acquired by Cummins.
"August 4, 2022",2022,removed,MTOR,Meritor,SP600SmallCap,AHCO replaced MTOR after it was acquired by Cummins.
"July 26, 2022",2022,added,SIX,Six Flags,SP600SmallCap,NTUS was acquired by Archimed. SIX was moved from the S&P 400 to replace it as it was more representative of the small cap market space.
"July 26, 2022",2022,removed,NTUS,Natus Medical,SP600SmallCap,NTUS was acquired by Archimed. SIX was moved from the S&P 400 to replace it as it was more representative of the small cap market space.
"July 21, 2022",2022,added,SHO,Sunstone Hotel Investors,SP600SmallCap,SHO replaced VG after it was acquired by Ericsson.
"July 21, 2022",2022,removed,VG,Vonage,SP600SmallCap,SHO replaced VG after it was acquired by Ericsson.
"July 20, 2022",2022,added,GRBK,Green Brick Partners,SP600SmallCap,GRBK replaced COKE which replaced PS Business Parks in the S&P 400 after it was acquired by Blackstone Inc.
"July 20, 2022",2022,removed,COKE,Coca-Cola Bottling Co. Consolidated,SP600SmallCap,GRBK replaced COKE which replaced PS Business Parks in the S&P 400 after it was acquired by Blackstone Inc.
"July 6, 2022",2022,added,FTDR,"Frontdoor, Inc.",SP600SmallCap,FTDR replaced SWN which replaced CDK Global in the S&P 400 after it was acquired by Brookfield Business Partners.
"July 6, 2022",2022,removed,SWN,Southwestern Energy,SP600SmallCap,FTDR replaced SWN which replaced CDK Global in the S&P 400 after it was acquired by Brookfield Business Partners.
"July 5, 2022",2022,added,LRN,"Stride, Inc.",SP600SmallCap,"LRN replaced OMCL which replaced Coherent, Inc. in the S&P 400 after it was acquired by II-VI Incorporated."
"July 5, 2022",2022,removed,OMCL,Omnicell,SP600SmallCap,"LRN replaced OMCL which replaced Coherent, Inc. in the S&P 400 after it was acquired by II-VI Incorporated."
"July 5, 2022",2022,added,EHAB,"Enhabit, Inc.",SP600SmallCap,EHAB was spun off from S&P 400 constituent Encompass Health and replaced LYLT which was no longer representative of the small-cap market space.
"July 5, 2022",2022,removed,LYLT,Loyalty Ventures,SP600SmallCap,EHAB was spun off from S&P 400 constituent Encompass Health and replaced LYLT which was no longer representative of the small-cap market space.
"July 5, 2022",2022,added,SNCY,Sun Country Airlines,SP600SmallCap,"SNCY replaced NP after it was acquired by Schweitzer- Mauduit International, Inc."
"July 5, 2022",2022,removed,NP,"Neenah, Inc.",SP600SmallCap,"SNCY replaced NP after it was acquired by Schweitzer- Mauduit International, Inc."
"June 29, 2022",2022,added,APPS,Digital Turbine,SP600SmallCap,TVTY was acquired by Stone Point Capital LLC. APPS was moved from the S&P 400 to replace it as it was more representative of the small cap market space.
"June 29, 2022",2022,removed,TVTY,Tivity Health,SP600SmallCap,TVTY was acquired by Stone Point Capital LLC. APPS was moved from the S&P 400 to replace it as it was more representative of the small cap market space.
"June 21, 2022",2022,added,TRN,Trinity Industries,SP600SmallCap,TRN was moved from the S&P 400 as it was more representative of the small cap market space. ENDP was removed from the S&P 600 as it was no longer representative of the small-cap market space.
"June 21, 2022",2022,removed,ENDP,Endo International,SP600SmallCap,TRN was moved from the S&P 400 as it was more representative of the small cap market space. ENDP was removed from the S&P 600 as it was no longer representative of the small-cap market space.
"June 21, 2022",2022,added,YELP,Yelp,SP600SmallCap,YELP was moved from the S&P 400 as it was more representative of the small cap market space. RRGB was removed from the S&P 600 as it was no longer representative of the small-cap market space.
"June 21, 2022",2022,removed,RRGB,Red Robin,SP600SmallCap,YELP was moved from the S&P 400 as it was more representative of the small cap market space. RRGB was removed from the S&P 600 as it was no longer representative of the small-cap market space.
"June 21, 2022",2022,added,URBN,Urban Outfitters,SP600SmallCap,URBN was moved from the S&P 400 as it was more representative of the small cap market space. TCMD was removed from the S&P 600 as it was no longer representative of the small-cap market space.
"June 21, 2022",2022,removed,TCMD,Tactile Systems Technology,SP600SmallCap,URBN was moved from the S&P 400 as it was more representative of the small cap market space. TCMD was removed from the S&P 600 as it was no longer representative of the small-cap market space.
"June 21, 2022",2022,added,RAMP,LiveRamp,SP600SmallCap,RAMP was moved from the S&P 400 as it was more representative of the small cap market space. VRA was removed from the S&P 600 as it was no longer representative of the small-cap market space.
"June 21, 2022",2022,removed,VRA,Vera Bradley,SP600SmallCap,RAMP was moved from the S&P 400 as it was more representative of the small cap market space. VRA was removed from the S&P 600 as it was no longer representative of the small-cap market space.
"June 21, 2022",2022,added,IRWD,Ironwood Pharmaceuticals,SP600SmallCap,IRWD replaced GHL which was no longer representative of the small-cap market space.
"June 21, 2022",2022,removed,GHL,Greenhill & Co.,SP600SmallCap,IRWD replaced GHL which was no longer representative of the small-cap market space.
"June 16, 2022",2022,added,EYE,National Vision Holdings,SP600SmallCap,EYE replaced REGI after it was acquired by Chevron Corporation.
"June 16, 2022",2022,removed,REGI,Renewable Energy Group,SP600SmallCap,EYE replaced REGI after it was acquired by Chevron Corporation.
"May 19, 2022",2022,added,AOSL,Alpha and Omega Semiconductor,SP600SmallCap,"AOSL replaced IRT which replaced Mimecast in the S&P 400 after it was acquired by Permira Holdings, Inc."
"May 19, 2022",2022,removed,IRT,Independence Realty Trust,SP600SmallCap,"AOSL replaced IRT which replaced Mimecast in the S&P 400 after it was acquired by Permira Holdings, Inc."
"May 17, 2022",2022,added,DVAX,Dynavax Technologies,SP600SmallCap,DVAX replaced EPAY after it was acquired by Thoma Bravo.
"May 17, 2022",2022,removed,EPAY,Bottomline Technologies,SP600SmallCap,DVAX replaced EPAY after it was acquired by Thoma Bravo.
"May 3, 2022",2022,added,TPH,Tri Pointe Homes,SP600SmallCap,ECOL was acquired by Republic Services. TPH was moved from the S&P 400 to replace it as it was more representative of the small cap market space.
"May 3, 2022",2022,removed,ECOL,US Ecology,SP600SmallCap,ECOL was acquired by Republic Services. TPH was moved from the S&P 400 to replace it as it was more representative of the small cap market space.
"April 26, 2022",2022,added,ATEN,A10 Networks,SP600SmallCap,"ATEN replaced FOE after it was acquired by Prince International Corp., a portfolio company of American Securities LLC."
"April 26, 2022",2022,removed,FOE,Ferro Corporation,SP600SmallCap,"ATEN replaced FOE after it was acquired by Prince International Corp., a portfolio company of American Securities LLC."
"April 8, 2022",2022,added,GOGO,"Gogo, Inc.",SP600SmallCap,GOGO replaced FLOW after it was acquired by Lone Star Funds.
"April 8, 2022",2022,removed,FLOW,"SPX FLOW, Inc.",SP600SmallCap,GOGO replaced FLOW after it was acquired by Lone Star Funds.
"April 7, 2022",2022,added,RCUS,Arcus Biosciences,SP600SmallCap,RCUS replaced ISBC after it was acquired by Citizens Financial Group.
"April 7, 2022",2022,removed,ISBC,"Investors Bancorp, Inc.",SP600SmallCap,RCUS replaced ISBC after it was acquired by Citizens Financial Group.
"April 6, 2022",2022,added,PRG,PROG Holdings,SP600SmallCap,PRG was moved from the S&P 400 to replace FRGI which was no longer representative of the small-cap market space.
"April 6, 2022",2022,removed,FRGI,Fiesta Restaurant Group,SP600SmallCap,PRG was moved from the S&P 400 to replace FRGI which was no longer representative of the small-cap market space.
"April 4, 2022",2022,added,VIR,Vir Biotechnology,SP600SmallCap,VIR replaced MTDR which replaced Camden Property Trust in the S&P 400 after it was moved to the S&P 500.
"April 4, 2022",2022,removed,MTDR,Matador Resources,SP600SmallCap,VIR replaced MTDR which replaced Camden Property Trust in the S&P 400 after it was moved to the S&P 500.
"April 4, 2022",2022,added,EMBC,Embecta Corp.,SP600SmallCap,"EMBC was spun off from S&P 500 constituent Becton, Dickinson and Company and replaced BNED which was no longer representative of the small-cap market space."
"April 4, 2022",2022,removed,BNED,"Barnes & Noble Education, Inc.",SP600SmallCap,"EMBC was spun off from S&P 500 constituent Becton, Dickinson and Company and replaced BNED which was no longer representative of the small-cap market space."
"March 30, 2022",2022,added,SONO,Sonos,SP600SmallCap,SONO replaced GTLS which replaced CyrusOne in the S&P 400 after it was acquired by Kohlberg Kravis Roberts and Global Infrastructure Partners.
"March 30, 2022",2022,removed,GTLS,"Chart Industries, Inc.",SP600SmallCap,SONO replaced GTLS which replaced CyrusOne in the S&P 400 after it was acquired by Kohlberg Kravis Roberts and Global Infrastructure Partners.
"March 16, 2022",2022,added,ASO,Academy Sports + Outdoors,SP600SmallCap,"ASO replaced KRA after it was acquired by DL Chemical Co., Ltd."
"March 16, 2022",2022,removed,KRA,Kraton,SP600SmallCap,"ASO replaced KRA after it was acquired by DL Chemical Co., Ltd."
"March 14, 2022",2022,added,CRNC,Cerence,SP600SmallCap,CRNC was moved from the S&P 400 to replace CPS which was no longer representative of the small-cap market space.
"March 14, 2022",2022,removed,CPS,"Cooper-Standard Holdings, Inc.",SP600SmallCap,CRNC was moved from the S&P 400 to replace CPS which was no longer representative of the small-cap market space.
"March 2, 2022",2022,added,GDEN,Golden Entertainment,SP600SmallCap,GDEN replaced RRC which replaced Molina Healthcare in the S&P 400 after it was moved to the S&P 500.
"March 2, 2022",2022,removed,RRC,Range Resources,SP600SmallCap,GDEN replaced RRC which replaced Molina Healthcare in the S&P 400 after it was moved to the S&P 500.
"March 2, 2022",2022,added,ZIMV,ZimVie,SP600SmallCap,ZIMV was spun off from S&P 500 constituent Zimmer Biomet and replaced TRHC which was no longer representative of the small-cap market space.
"March 2, 2022",2022,removed,TRHC,Tabula Rasa HealthCare,SP600SmallCap,ZIMV was spun off from S&P 500 constituent Zimmer Biomet and replaced TRHC which was no longer representative of the small-cap market space.
"February 18, 2022",2022,added,UE,Urban Edge Properties,SP600SmallCap,"UE moved down from the S&P 400 and swapped places with ONB which moved up. ONB acquired First Midwest Bancorp and post-merger, ONB was more representative of the mid-cap market space. UE is more representative of the small-cap market space."
"February 18, 2022",2022,removed,ONB,Old National Bancorp,SP600SmallCap,"UE moved down from the S&P 400 and swapped places with ONB which moved up. ONB acquired First Midwest Bancorp and post-merger, ONB was more representative of the mid-cap market space. UE is more representative of the small-cap market space."
"February 18, 2022",2022,added,CRSR,Corsair Gaming,SP600SmallCap,CRSR replaced FMBI after it was acquired by Old National Bancorp.
"February 18, 2022",2022,removed,FMBI,First Midwest Bancorp,SP600SmallCap,CRSR replaced FMBI after it was acquired by Old National Bancorp.
"February 15, 2022",2022,added,XPEL,"XPEL, Inc.",SP600SmallCap,XPEL replaced PDCE which replaced Nordson Corporation in the S&P 400 after it was moved to the S&P 500.
"February 15, 2022",2022,removed,PDCE,"PDC Energy, Inc.",SP600SmallCap,XPEL replaced PDCE which replaced Nordson Corporation in the S&P 400 after it was moved to the S&P 500.
"February 3, 2022",2022,added,JACK,Jack in the Box,SP600SmallCap,JACK was moved from the S&P 400 to replace SPPI which was no longer representative of the small-cap market space.
"February 3, 2022",2022,removed,SPPI,Spectrum Pharmaceuticals,SP600SmallCap,JACK was moved from the S&P 400 to replace SPPI which was no longer representative of the small-cap market space.
"February 1, 2022",2022,added,CMP,Compass Minerals,SP600SmallCap,GWB was acquired by First Interstate BancSystem. CMP was moved from the S&P 400 to replace it as it was more representative of the small-cap market space.
"February 1, 2022",2022,removed,GWB,"Great Western Bancorp, Inc.",SP600SmallCap,GWB was acquired by First Interstate BancSystem. CMP was moved from the S&P 400 to replace it as it was more representative of the small-cap market space.
"February 1, 2022",2022,added,TWNK,Hostess Brands,SP600SmallCap,TWNK replaced WTS which replaced Sterling Bancorp in the S&P 400 after it was acquired by Webster Bank.
"February 1, 2022",2022,removed,WTS,Watts Water Technologies,SP600SmallCap,TWNK replaced WTS which replaced Sterling Bancorp in the S&P 400 after it was acquired by Webster Bank.
"January 5, 2022",2022,added,ITOS,iTeos Therapeutics,SP600SmallCap,ITOS replaced MGLN after it was acquired by S&P 500 constituent Centene Corporation.
"January 5, 2022",2022,removed,MGLN,Magellan Health,SP600SmallCap,ITOS replaced MGLN after it was acquired by S&P 500 constituent Centene Corporation.
"December 30, 2021",2021,added,DOUG,Douglas Elliman,SP600SmallCap,"DOUG was spun off from S&P 600 constituent Vector Group and replaced MTRX which was no longer representative of the small-cap market space. Post spin-off, Vector Group remained in the S&P 600."
"December 30, 2021",2021,removed,MTRX,Matrix Service Company,SP600SmallCap,"DOUG was spun off from S&P 600 constituent Vector Group and replaced MTRX which was no longer representative of the small-cap market space. Post spin-off, Vector Group remained in the S&P 600."
"December 20, 2021",2021,added,TR,Tootsie Roll Industries,SP600SmallCap,TR moved down from the S&P 400 and swapped places with M which moved up.
"December 20, 2021",2021,removed,M,"Macy's, Inc.",SP600SmallCap,TR moved down from the S&P 400 and swapped places with M which moved up.
"December 20, 2021",2021,added,TDS,Telephone and Data Systems,SP600SmallCap,TDS moved down from the S&P 400 and swapped places with VICR which moved up.
"December 20, 2021",2021,removed,VICR,Vicor Corporation,SP600SmallCap,TDS moved down from the S&P 400 and swapped places with VICR which moved up.
"December 20, 2021",2021,added,NKTR,Nektar Therapeutics,SP600SmallCap,NKTR moved down from the S&P 400 and swapped places with POWI which moved up.
"December 20, 2021",2021,removed,POWI,Power Integrations,SP600SmallCap,NKTR moved down from the S&P 400 and swapped places with POWI which moved up.
"December 2, 2021",2021,added,KAR,KAR Auction Services,SP600SmallCap,MDP was acquired in a two-step transaction by Gray Television and Dotdash. KAR was moved from the S&P 400 to replace it as it was more representative of the small cap market space.
"December 2, 2021",2021,removed,MDP,Meredith Corporation,SP600SmallCap,MDP was acquired in a two-step transaction by Gray Television and Dotdash. KAR was moved from the S&P 400 to replace it as it was more representative of the small cap market space.
"December 2, 2021",2021,added,CARS,Cars.com,SP600SmallCap,"CARS replaced DSPG after it was acquired by Synaptics, Inc."
"December 2, 2021",2021,removed,DSPG,DSP Group,SP600SmallCap,"CARS replaced DSPG after it was acquired by Synaptics, Inc."
"December 2, 2021",2021,added,NVEE,NV5 Global,SP600SmallCap,NVEE replaced RAVN after it was acquired by CNH Industrial.
"December 2, 2021",2021,removed,RAVN,Raven Industries,SP600SmallCap,NVEE replaced RAVN after it was acquired by CNH Industrial.
"November 30, 2021",2021,added,EBS,Emergent BioSolutions,SP600SmallCap,UFS was acquired by Paper Excellence. EBS was moved from the S&P 400 to replace it as it was more representative of the small cap market space.
"November 30, 2021",2021,removed,UFS,Domtar Corp.,SP600SmallCap,UFS was acquired by Paper Excellence. EBS was moved from the S&P 400 to replace it as it was more representative of the small cap market space.
"November 24, 2021",2021,added,THRY,Thryv,SP600SmallCap,THRY replaced ECHO after it was acquired by The Jordan Company.
"November 24, 2021",2021,removed,ECHO,Echo Global Logistics,SP600SmallCap,THRY replaced ECHO after it was acquired by The Jordan Company.
"November 16, 2021",2021,added,ONL,Orion Office REIT,SP600SmallCap,ONL was spun off from Realty Income and moved down to replace DAKT which was no longer representative of the small-cap market space.
"November 16, 2021",2021,removed,DAKT,"Daktronics, Inc.",SP600SmallCap,ONL was spun off from Realty Income and moved down to replace DAKT which was no longer representative of the small-cap market space.
"November 9, 2021",2021,added,LYLT,Loyalty Ventures,SP600SmallCap,LYLT was spun off from Alliance Data and moved down to replace AAOI which was no longer representative of the small-cap market space.
"November 9, 2021",2021,removed,AAOI,Applied Optoelectronics,SP600SmallCap,LYLT was spun off from Alliance Data and moved down to replace AAOI which was no longer representative of the small-cap market space.
"November 5, 2021",2021,added,NTCT,NetScout Systems,SP600SmallCap,NTCT moved down from the S&P 400 and replaced IVC which was no longer representative of the small-cap market space.
"November 5, 2021",2021,removed,IVC,Invacare Corporation,SP600SmallCap,NTCT moved down from the S&P 400 and replaced IVC which was no longer representative of the small-cap market space.
"October 29, 2021",2021,added,CDMO,Avid Biosciences,SP600SmallCap,CDMO replaced CADE after it was acquired by BancorpSouth.
"October 29, 2021",2021,removed,CADE,Cadence Bank,SP600SmallCap,CDMO replaced CADE after it was acquired by BancorpSouth.
"October 22, 2021",2021,added,HRMY,Harmony Biosciences,SP600SmallCap,HRMY replaced RPAI after it was acquired by Kite Realty Group Trust.
"October 22, 2021",2021,removed,RPAI,Retail Properties of America,SP600SmallCap,HRMY replaced RPAI after it was acquired by Kite Realty Group Trust.
"October 22, 2021",2021,added,TREE,LendingTree,SP600SmallCap,TREE moved down from the S&P 400 and swapped places with KRG which moved up. TREE has a market capitalization that is more representative of the small-cap market space.
"October 22, 2021",2021,removed,KRG,Kite Realty Group Trust,SP600SmallCap,TREE moved down from the S&P 400 and swapped places with KRG which moved up. TREE has a market capitalization that is more representative of the small-cap market space.
"October 19, 2021",2021,added,FBRT,"Franklin BSP Realty Trust, Inc.",SP600SmallCap,"After the close of trading on October 18, 2021, CMO ceased to be publicly traded on the New York Stock Exchange. At the open of trading on October 19, 2021, the combined company will trade on the NYSE under the ticker symbol FBRT."
"October 19, 2021",2021,removed,CMO,Capstead Mortgage Corporation,SP600SmallCap,"After the close of trading on October 18, 2021, CMO ceased to be publicly traded on the New York Stock Exchange. At the open of trading on October 19, 2021, the combined company will trade on the NYSE under the ticker symbol FBRT."
"October 11, 2021",2021,added,CCSI,Consensus Cloud Solutions,SP600SmallCap,"CCSI was spun off from S&P 400 constituent J2 Global and moved down to replace RGS which was no longer representative of the small-cap market space. Post spin-off, J2 Global will remain in the S&P MidCap 400 and will change its name to Ziff Davis, Inc."
"October 11, 2021",2021,removed,RGS,Regis Corporation,SP600SmallCap,"CCSI was spun off from S&P 400 constituent J2 Global and moved down to replace RGS which was no longer representative of the small-cap market space. Post spin-off, J2 Global will remain in the S&P MidCap 400 and will change its name to Ziff Davis, Inc."
"October 4, 2021",2021,added,OPRX,OptimizeRx Corp.,SP600SmallCap,OPRX replaced LDL after it was acquired by Clearlake Capital.
"October 4, 2021",2021,removed,LDL,"Lydall, Inc.",SP600SmallCap,OPRX replaced LDL after it was acquired by Clearlake Capital.
"October 4, 2021",2021,added,SLVM,Sylvamo,SP600SmallCap,SLVM was spun off from S&P 500 constituent International Paper and moved down to replace STMP which was acquired by Thoma Bravo.
"October 4, 2021",2021,removed,STMP,"Stamps.com, Inc.",SP600SmallCap,SLVM was spun off from S&P 500 constituent International Paper and moved down to replace STMP which was acquired by Thoma Bravo.
"September 20, 2021",2021,added,WW,WW International,SP600SmallCap,WW moved down from the S&P 400 and replaced TISI which was no longer representative of the small-cap market space.
"September 20, 2021",2021,removed,TISI,"Team, Inc",SP600SmallCap,WW moved down from the S&P 400 and replaced TISI which was no longer representative of the small-cap market space.
"September 20, 2021",2021,added,HCSG,"Healthcare Services Group, Inc.",SP600SmallCap,HCSG moved down from the S&P 400 and replaced MSTR which was no longer representative of the small-cap market space.
"September 20, 2021",2021,removed,MSTR,"MicroStrategy, Inc.",SP600SmallCap,HCSG moved down from the S&P 400 and replaced MSTR which was no longer representative of the small-cap market space.
"September 20, 2021",2021,added,QURE,uniQure N.V.,SP600SmallCap,QURE replaced UIHC which was no longer representative of the small-cap market space.
"September 20, 2021",2021,removed,UIHC,United Insurance Holdings Corp.,SP600SmallCap,QURE replaced UIHC which was no longer representative of the small-cap market space.
"September 7, 2021",2021,added,LGND,Ligand Pharmaceuticals,SP600SmallCap,CBB was acquired by Macquarie Infrastructure and Real Assets. LGND was moved from the S&P 400 to replace it as it was more representative of the small cap market space.
"September 7, 2021",2021,removed,CBB,Cincinnati Bell,SP600SmallCap,CBB was acquired by Macquarie Infrastructure and Real Assets. LGND was moved from the S&P 400 to replace it as it was more representative of the small cap market space.
"September 3, 2021",2021,added,THS,TreeHouse Foods,SP600SmallCap,CORE was acquired by Performance Food Group. THS was moved from the S&P 400 to replace it as it was more representative of the small cap market space.
"September 3, 2021",2021,removed,CORE,"Core-Mark Holding Company, Inc.",SP600SmallCap,CORE was acquired by Performance Food Group. THS was moved from the S&P 400 to replace it as it was more representative of the small cap market space.
"August 30, 2021",2021,added,BLFS,BioLife Solutions,SP600SmallCap,BLFS replaced SAIA which replaced Bio-Techne in the S&P 400 after it was moved to the S&P 500.
"August 30, 2021",2021,removed,SAIA,"Saia, Inc.",SP600SmallCap,BLFS replaced SAIA which replaced Bio-Techne in the S&P 400 after it was moved to the S&P 500.
"August 30, 2021",2021,added,CNK,Cinemark Holdings,SP600SmallCap,USCR was acquired by Vulcan Materials Company. CNK was moved from the S&P 400 to replace it as it was more representative of the small-cap market space.
"August 30, 2021",2021,removed,USCR,U.S. Concrete,SP600SmallCap,USCR was acquired by Vulcan Materials Company. CNK was moved from the S&P 400 to replace it as it was more representative of the small-cap market space.
"August 30, 2021",2021,added,TRMK,Trustmark Corp.,SP600SmallCap,SYKE was acquired by Sitel Group. TRMK was moved from the S&P 400 to replace it as it was more representative of the small-cap market space.
"August 30, 2021",2021,removed,SYKE,Sykes Enterprises,SP600SmallCap,SYKE was acquired by Sitel Group. TRMK was moved from the S&P 400 to replace it as it was more representative of the small-cap market space.
"August 4, 2021",2021,added,LKFN,Lakeland Financial Corp.,SP600SmallCap,LKFN replaced GME which replaced Weingarten Realty Investors in the S&P 400 after it was acquired by Kimco Realty.
"August 4, 2021",2021,removed,GME,GameStop Corp.,SP600SmallCap,LKFN replaced GME which replaced Weingarten Realty Investors in the S&P 400 after it was acquired by Kimco Realty.
"August 4, 2021",2021,added,INT,World Fuel Services,SP600SmallCap,INT moved down from the S&P 400 and replaced SPOK which was no longer representative of the small-cap market space.
"August 4, 2021",2021,removed,SPOK,"Spok Holdings, Inc.",SP600SmallCap,INT moved down from the S&P 400 and replaced SPOK which was no longer representative of the small-cap market space.
"August 3, 2021",2021,added,STRA,"Strategic Education, Inc.",SP600SmallCap,STRA moved down from the S&P 400 and replaced BELFB which was no longer representative of the small-cap market space.
"August 3, 2021",2021,removed,BELFB,"Bel Fuse, Inc.",SP600SmallCap,STRA moved down from the S&P 400 and replaced BELFB which was no longer representative of the small-cap market space.
"July 15, 2021",2021,added,MSEX,Middlesex Water Company,SP600SmallCap,MSEX replaced LMNX after it was acquired by DiaSorin.
"July 15, 2021",2021,removed,LMNX,Luminex Corporation,SP600SmallCap,MSEX replaced LMNX after it was acquired by DiaSorin.
"July 7, 2021",2021,added,ATGE,Adtalem Global Education,SP600SmallCap,ATGE moved down from the S&P 400 and replaced BPFH which was acquired by SVB Financial Group.
"July 7, 2021",2021,removed,BPFH,Boston Private Financial Holdings,SP600SmallCap,ATGE moved down from the S&P 400 and replaced BPFH which was acquired by SVB Financial Group.
"June 22, 2021",2021,added,TWO,Two Harbors Investment Corp.,SP600SmallCap,TWO replaced CATM after it was acquired by NCR Corporation.
"June 22, 2021",2021,removed,CATM,Cardtronics,SP600SmallCap,TWO replaced CATM after it was acquired by NCR Corporation.
"June 15, 2021",2021,added,AMEH,"Apollo Medical Holdings, Inc.",SP600SmallCap,AMEH replaced ELY which replaced Grubhub in the S&P 400 after it was acquired by Just Eat Takeaway.
"June 15, 2021",2021,removed,ELY,Callaway Golf Company,SP600SmallCap,AMEH replaced ELY which replaced Grubhub in the S&P 400 after it was acquired by Just Eat Takeaway.
"June 10, 2021",2021,added,SLQT,"SelectQuote, Inc.",SP600SmallCap,SLQT replaced CTB after it was acquired by Goodyear Tire and Rubber Company.
"June 10, 2021",2021,removed,CTB,Cooper Tire & Rubber Company,SP600SmallCap,SLQT replaced CTB after it was acquired by Goodyear Tire and Rubber Company.
"June 4, 2021",2021,added,SVC,Service Properties Trust,SP600SmallCap,SVC moved down from the S&P 400 and replaced LCI which was no longer representative of the small-cap market space.
"June 4, 2021",2021,removed,LCI,"Lannett Company, Inc.",SP600SmallCap,SVC moved down from the S&P 400 and replaced LCI which was no longer representative of the small-cap market space.
"June 2, 2021",2021,added,ORGO,Organogenesis Holdings Inc.,SP600SmallCap,ORGO replaced CROX which replaced Cantel Medical Corporation in the S&P 400 after it was acquired by Steris plc.
"June 2, 2021",2021,removed,CROX,"Crocs, Inc.",SP600SmallCap,ORGO replaced CROX which replaced Cantel Medical Corporation in the S&P 400 after it was acquired by Steris plc.
"May 27, 2021",2021,added,JYNT,The Joint Corp.,SP600SmallCap,JYNT replaced CUB after it was acquired by Veritas Capital.
"May 27, 2021",2021,removed,CUB,Cubic Corporation,SP600SmallCap,JYNT replaced CUB after it was acquired by Veritas Capital.
"May 17, 2021",2021,added,AVNS,Avanos Medical,SP600SmallCap,AEGN was acquired by New Mountain Capital. AVNS was moved from the S&P 400 to replace it as it was more representative of the small cap market space.
"May 17, 2021",2021,removed,AEGN,Aegion Corp.,SP600SmallCap,AEGN was acquired by New Mountain Capital. AVNS was moved from the S&P 400 to replace it as it was more representative of the small cap market space.
"May 14, 2021",2021,added,EFC,Ellington Financial,SP600SmallCap,EFC replaced NSA which replaced Charles River Laboratories in the S&P 400 after it was moved to the S&P 500.
"May 14, 2021",2021,removed,NSA,National Storage Affiliates Trust,SP600SmallCap,EFC replaced NSA which replaced Charles River Laboratories in the S&P 400 after it was moved to the S&P 500.
"May 7, 2021",2021,added,TBBK,"The Bancorp, Inc.",SP600SmallCap,TBBK replaced RCM which replaced Perspecta Inc. in the S&P 400 after it was acquired by Veritas Capital.
"May 7, 2021",2021,removed,RCM,R1 RCM,SP600SmallCap,TBBK replaced RCM which replaced Perspecta Inc. in the S&P 400 after it was acquired by Veritas Capital.
"May 3, 2021",2021,added,GNW,Genworth Financial,SP600SmallCap,GLUU was acquired by Electronic Arts. GNW was moved from the S&P 400 to replace it as it was more representative of the small cap market space.
"May 3, 2021",2021,removed,GLUU,Glu Mobile,SP600SmallCap,GLUU was acquired by Electronic Arts. GNW was moved from the S&P 400 to replace it as it was more representative of the small cap market space.
"May 3, 2021",2021,added,UTL,Unitil Corporation,SP600SmallCap,UTL replaced WDR after it was acquired by Macquarie Group.
"May 3, 2021",2021,removed,WDR,Waddell & Reed,SP600SmallCap,UTL replaced WDR after it was acquired by Macquarie Group.
"April 20, 2021",2021,added,UFS,Domtar Corp.,SP600SmallCap,EGOV was acquired component Tyler Technologies. UFS was moved from the S&P 400 to replace it as it was more representative of the small cap market space.
"April 20, 2021",2021,removed,EGOV,NIC Inc.,SP600SmallCap,EGOV was acquired component Tyler Technologies. UFS was moved from the S&P 400 to replace it as it was more representative of the small cap market space.
"April 15, 2021",2021,added,RILY,B. Riley Financial,SP600SmallCap,RILY replaced MIK after it was acquired by Apollo Global Management.
"April 15, 2021",2021,removed,MIK,The Michaels Companies,SP600SmallCap,RILY replaced MIK after it was acquired by Apollo Global Management.
"April 12, 2021",2021,added,IDCC,InterDigital,SP600SmallCap,CKH was acquired by American Industrial Partners. IDCC was moved from the S&P 400 to replace it as it was more representative of the small cap market space.
"April 12, 2021",2021,removed,CKH,SEACOR Holdings,SP600SmallCap,CKH was acquired by American Industrial Partners. IDCC was moved from the S&P 400 to replace it as it was more representative of the small cap market space.
"April 8, 2021",2021,added,CARA,Cara Therapeutics,SP600SmallCap,CARA replaced MTSC after it was acquired by Amphenol Corp.
"April 8, 2021",2021,removed,MTSC,MTS Systems Corporation,SP600SmallCap,CARA replaced MTSC after it was acquired by Amphenol Corp.
"March 30, 2021",2021,added,OI,O-I Glass,SP600SmallCap,HMSY was acquired by Veritas Capital. OI was moved from the S&P 400 to replace it as it was more representative of the small cap market space.
"March 30, 2021",2021,removed,HMSY,HMS Holdings,SP600SmallCap,HMSY was acquired by Veritas Capital. OI was moved from the S&P 400 to replace it as it was more representative of the small cap market space.
"March 22, 2021",2021,added,VCEL,Vericel,SP600SmallCap,VCEL replaced QEP after it was acquired by Diamondback Energy.
"March 22, 2021",2021,removed,QEP,QEP Resources,SP600SmallCap,VCEL replaced QEP after it was acquired by Diamondback Energy.
"March 22, 2021",2021,added,EPC,Edgewell Personal Care,SP600SmallCap,EPC moved down from the S&P 400 and replaced EXTN which was no longer representative of the small-cap market space.
"March 22, 2021",2021,removed,EXTN,Exterran Corporation,SP600SmallCap,EPC moved down from the S&P 400 and replaced EXTN which was no longer representative of the small-cap market space.
"March 1, 2021",2021,added,WSFS,WSFS Financial,SP600SmallCap,WSFS replaced CLF which replaced Eaton Vance in the S&P 400 after it was acquired by Morgan Stanley.
"March 1, 2021",2021,removed,CLF,Cleveland-Cliffs,SP600SmallCap,WSFS replaced CLF which replaced Eaton Vance in the S&P 400 after it was acquired by Morgan Stanley.
"February 16, 2021",2021,added,HNI,HNI Corporation,SP600SmallCap,VRTU was acquired by Baring Private Equity Asia. HNI was moved from the S&P 400 to replace it as it was more representative of the small cap market space.
"February 16, 2021",2021,removed,VRTU,Virtusa Corporation,SP600SmallCap,VRTU was acquired by Baring Private Equity Asia. HNI was moved from the S&P 400 to replace it as it was more representative of the small cap market space.
"February 12, 2021",2021,added,COLL,Collegium Pharmaceutical,SP600SmallCap,COLL replaced IRDM which replaced Monolithic Power Systems in the S&P 400 after it was moved to the S&P 500.
"February 12, 2021",2021,removed,IRDM,Iridium Communications,SP600SmallCap,COLL replaced IRDM which replaced Monolithic Power Systems in the S&P 400 after it was moved to the S&P 500.
"February 10, 2021",2021,added,ISBC,"Investors Bancorp, Inc.",SP600SmallCap,ISBC replaced BEAT after it was acquired by multinational comglomerate Koninklijke Philips N.V.
"February 10, 2021",2021,removed,BEAT,"BioTelemetry, Inc.",SP600SmallCap,ISBC replaced BEAT after it was acquired by multinational comglomerate Koninklijke Philips N.V.
"January 29, 2021",2021,added,PBH,Prestige Consumer Healthcare,SP600SmallCap,FBM was acquired by American Securities LLC. PBH was moved from the S&P 400 to replace it as it was more representative of the small cap market space.
"January 29, 2021",2021,removed,FBM,"Foundation Building Materials, Inc.",SP600SmallCap,FBM was acquired by American Securities LLC. PBH was moved from the S&P 400 to replace it as it was more representative of the small cap market space.
"January 21, 2021",2021,added,HTH,Hilltop Holdings Inc.,SP600SmallCap,HTH replaced YETI which replaced Trimble Inc. in the S&P 400 after it was moved to the S&P 500.
"January 21, 2021",2021,removed,YETI,Yeti Holdings,SP600SmallCap,HTH replaced YETI which replaced Trimble Inc. in the S&P 400 after it was moved to the S&P 500.
"January 7, 2021",2021,added,CELH,Celsius Holdings,SP600SmallCap,CELH replaced CPRI which replaced Enphase Energy in the S&P 400 after it was moved to the S&P 500.
"January 7, 2021",2021,removed,CPRI,Capri Holdings,SP600SmallCap,CELH replaced CPRI which replaced Enphase Energy in the S&P 400 after it was moved to the S&P 500.
"January 7, 2021",2021,added,ELF,"e.l.f. Beauty, Inc.",SP600SmallCap,ELF replaced BRKS which replaced WPX Energy in the S&P 400 after it was acquired by Devon Energy Corp.
"January 7, 2021",2021,removed,BRKS,"Brooks Automation, Inc.",SP600SmallCap,ELF replaced BRKS which replaced WPX Energy in the S&P 400 after it was acquired by Devon Energy Corp.
"December 29, 2020",2020,added,SMPL,The Simply Good Foods Co.,SP600SmallCap,SMPL replaced KNSL which replaced Taubman Centers in the S&P 400 after it was acquired by Simon Property Group.
"December 29, 2020",2020,removed,KNSL,Kinsale Capital Group,SP600SmallCap,SMPL replaced KNSL which replaced Taubman Centers in the S&P 400 after it was acquired by Simon Property Group.
"December 2, 2020",2020,added,AMCX,AMC Networks,SP600SmallCap,AMCX moved down from the S&P 400 and replaced RRD which was no longer representative of the small-cap market space.
"December 2, 2020",2020,removed,RRD,R.R. Donnelley & Sons,SP600SmallCap,AMCX moved down from the S&P 400 and replaced RRD which was no longer representative of the small-cap market space.
"December 2, 2020",2020,added,AAN,"The Aaron's Company, Inc.",SP600SmallCap,"AAN was spun off from S&P 400 parent Aaron's Holding Company, Inc. (NYSE: PRG) and moved down to replace GEOS which was no longer representative of the small-cap market space."
"December 2, 2020",2020,removed,GEOS,Geospace Technologies,SP600SmallCap,"AAN was spun off from S&P 400 parent Aaron's Holding Company, Inc. (NYSE: PRG) and moved down to replace GEOS which was no longer representative of the small-cap market space."
"November 13, 2020",2020,added,FBNC,First Bancorp,SP600SmallCap,FBNC replaced AMAG after it was acquired by Covis Group.
"November 13, 2020",2020,removed,AMAG,AMAG Pharmaceuticals,SP600SmallCap,FBNC replaced AMAG after it was acquired by Covis Group.
"November 13, 2020",2020,added,GEO,GEO Group,SP600SmallCap,GEO moved down from the S&P 400 and replaced GPOR which was no longer representative of the small-cap market space.
"November 13, 2020",2020,removed,GPOR,Gulfport Energy,SP600SmallCap,GEO moved down from the S&P 400 and replaced GPOR which was no longer representative of the small-cap market space.
"November 13, 2020",2020,added,MD,Mednax,SP600SmallCap,MD moved down from the S&P 400 and replaced WPG which was no longer representative of the small-cap market space.
"November 13, 2020",2020,removed,WPG,Washington Prime Group,SP600SmallCap,MD moved down from the S&P 400 and replaced WPG which was no longer representative of the small-cap market space.
"October 7, 2020",2020,added,CFFN,Capitol Federal Savings Bank,SP600SmallCap,CFFN replaced NEOG which replaced Pool Corp. in the S&P 400 after it was moved to the S&P 500.
"October 7, 2020",2020,removed,NEOG,Neogen Corp.,SP600SmallCap,CFFN replaced NEOG which replaced Pool Corp. in the S&P 400 after it was moved to the S&P 500.
"October 7, 2020",2020,added,AGO,Assured Guaranty,SP600SmallCap,"AGO replaced SSD which replaced Delphi Technologies in the S&P 400 after it was acquired by BorgWarner, Inc."
"October 7, 2020",2020,removed,SSD,Simpson Manufacturing Company,SP600SmallCap,"AGO replaced SSD which replaced Delphi Technologies in the S&P 400 after it was acquired by BorgWarner, Inc."
"October 7, 2020",2020,added,RNST,Renasant Corp.,SP600SmallCap,RNST replaced NR which was no longer representative of the small-cap market space.
"October 7, 2020",2020,removed,NR,"Newpark Resources, Inc.",SP600SmallCap,RNST replaced NR which was no longer representative of the small-cap market space.
"October 5, 2020",2020,added,SBH,Sally Beauty Holdings,SP600SmallCap,SBH moved down from the S&P 400 and replaced OAS which was no longer representative of the small-cap market space.
"October 5, 2020",2020,removed,OAS,Oasis Petroleum,SP600SmallCap,SBH moved down from the S&P 400 and replaced OAS which was no longer representative of the small-cap market space.
"October 1, 2020",2020,added,CPK,Chesapeake Utilities,SP600SmallCap,CPK replaced MNTA after it was acquired by Johnson & Johnson.
"October 1, 2020",2020,removed,MNTA,Momenta Pharmaceuticals,SP600SmallCap,CPK replaced MNTA after it was acquired by Johnson & Johnson.
"September 25, 2020",2020,added,FLGT,Fulgent Genetics,SP600SmallCap,FLGT replaced GTX which was no longer representative of the small-cap market space.
"September 25, 2020",2020,removed,GTX,Garrett Motion,SP600SmallCap,FLGT replaced GTX which was no longer representative of the small-cap market space.
"September 21, 2020",2020,added,PBF,PBF Energy,SP600SmallCap,WING was moved from the S&P 600 to the S&P 400 replacing PBF which was moved from the S&P 400 to the S&P 600 based on market cap changes.
"September 21, 2020",2020,removed,WING,Wingstop,SP600SmallCap,WING was moved from the S&P 600 to the S&P 400 replacing PBF which was moved from the S&P 400 to the S&P 600 based on market cap changes.
"September 21, 2020",2020,added,ATI,Allegheny Technologies,SP600SmallCap,MEDP was moved from the S&P 600 to the S&P 400 replacing ATI which was moved from the S&P 400 to the S&P 600 based on market cap changes.
"September 21, 2020",2020,removed,MEDP,Medpace,SP600SmallCap,MEDP was moved from the S&P 600 to the S&P 400 replacing ATI which was moved from the S&P 400 to the S&P 600 based on market cap changes.
"September 21, 2020",2020,added,CLI,Mack-Cali Realty Corp.,SP600SmallCap,FOXF was moved from the S&P 600 to the S&P 400 replacing CLI which was moved from the S&P 400 to the S&P 600 based on market cap changes.
"September 21, 2020",2020,removed,FOXF,Fox Factory Holding Corp.,SP600SmallCap,FOXF was moved from the S&P 600 to the S&P 400 replacing CLI which was moved from the S&P 400 to the S&P 600 based on market cap changes.
"September 21, 2020",2020,added,COOP,Mr. Cooper Group,SP600SmallCap,COOP replaced EXPR which was no longer representative of the small-cap market space.
"September 21, 2020",2020,removed,EXPR,"Express, Inc.",SP600SmallCap,COOP replaced EXPR which was no longer representative of the small-cap market space.
"September 21, 2020",2020,added,RCM,R1 RCM,SP600SmallCap,RCM replaced PEI which was no longer representative of the small-cap market space.
"September 21, 2020",2020,removed,PEI,Pennsylvania Real Estate,SP600SmallCap,RCM replaced PEI which was no longer representative of the small-cap market space.
"September 1, 2020",2020,added,BKU,BankUnited,SP600SmallCap,BKU replaced LAD which replaced LogMeIn in the S&P 400 after it was acquired by Francisco Partners and Elliott Management Corporation.
"September 1, 2020",2020,removed,LAD,Lithia Motors,SP600SmallCap,BKU replaced LAD which replaced LogMeIn in the S&P 400 after it was acquired by Francisco Partners and Elliott Management Corporation.
"September 1, 2020",2020,added,TRUP,Trupanion,SP600SmallCap,TRUP replaced REI which was no longer representative of the small-cap market space.
"September 1, 2020",2020,removed,REI,Ring Energy,SP600SmallCap,TRUP replaced REI which was no longer representative of the small-cap market space.
"August 17, 2020",2020,added,FBK,FB Financial,SP600SmallCap,FBK replaced FSB as Franklin Financial Network was acquired by FB Financial 
"August 17, 2020",2020,removed,FSB,Franklin Financial Network,SP600SmallCap,FBK replaced FSB as Franklin Financial Network was acquired by FB Financial 
"August 17, 2020",2020,added,CXW,CoreCivic,SP600SmallCap,CXW replaced VAL which was no longer representative of the small-cap market space.
"August 17, 2020",2020,removed,VAL,Valaris,SP600SmallCap,CXW replaced VAL which was no longer representative of the small-cap market space.
"August 3, 2020",2020,added,BANF,BancFirst,SP600SmallCap,BANF replaced RUN which was no longer representative of the small-cap market space.
"August 3, 2020",2020,removed,RUN,Sunrun,SP600SmallCap,BANF replaced RUN which was no longer representative of the small-cap market space.
"August 3, 2020",2020,added,DLX,Deluxe Corporation,SP600SmallCap,DLX replaced EE as El Paso Electric was acquired.
"August 3, 2020",2020,removed,EE,El Paso Electric,SP600SmallCap,DLX replaced EE as El Paso Electric was acquired.
"August 3, 2020",2020,added,CRS,Carpenter Technology,SP600SmallCap,CRS replaced CDR which was no longer representative of the small-cap market space.
"August 3, 2020",2020,removed,CDR,Cedar Realty Trust,SP600SmallCap,CRS replaced CDR which was no longer representative of the small-cap market space.
"July 24, 2020",2020,added,FHB,First Hawaiian Bank,SP600SmallCap,FHB replaced EBS which was no longer representative of the small-cap market space.
"July 24, 2020",2020,removed,EBS,Emergent BioSolutions,SP600SmallCap,FHB replaced EBS which was no longer representative of the small-cap market space.
"June 30, 2020",2020,added,RPAI,Retail Properties of America Inc.,SP600SmallCap,RPAI replaced BLD which was no longer representative of the small-cap market space.
"June 30, 2020",2020,removed,BLD,TopBuild,SP600SmallCap,RPAI replaced BLD which was no longer representative of the small-cap market space.
"June 30, 2020",2020,added,BDN,Brandywine Realty Trust,SP600SmallCap,BDN replaced BGG which was no longer representative of the small-cap market space.
"June 30, 2020",2020,removed,BGG,Briggs & Stratton,SP600SmallCap,BDN replaced BGG which was no longer representative of the small-cap market space.
"June 25, 2020",2020,added,EAT,Brinker International,SP600SmallCap,EAT replaced AXE as Anixter International was acquired by WESCO International.
"June 25, 2020",2020,removed,AXE,Anixter,SP600SmallCap,EAT replaced AXE as Anixter International was acquired by WESCO International.
"June 22, 2020",2020,added,DNOW,NOW Inc.,SP600SmallCap,DNOW replaced TLRD which was no longer representative of the small-cap market space.
"June 22, 2020",2020,removed,TLRD,Tailored Brands,SP600SmallCap,DNOW replaced TLRD which was no longer representative of the small-cap market space.
"June 22, 2020",2020,added,CAKE,Cheesecake Factory,SP600SmallCap,CAKE replaced CBL which was no longer representative of the small-cap market space.
"June 22, 2020",2020,removed,CBL,CBL & Associates Properties,SP600SmallCap,CAKE replaced CBL which was no longer representative of the small-cap market space.
"June 22, 2020",2020,added,REZI,Resideo Technologies,SP600SmallCap,REZI replaced HPR which was no longer representative of the small-cap market space.
"June 22, 2020",2020,removed,HPR,HighPoint Resources,SP600SmallCap,REZI replaced HPR which was no longer representative of the small-cap market space.
"June 22, 2020",2020,added,BSIG,BrightSphere Investment Group,SP600SmallCap,BSIG replaced TTI which was no longer representative of the small-cap market space.
"June 22, 2020",2020,removed,TTI,TETRA Technologies,SP600SmallCap,BSIG replaced TTI which was no longer representative of the small-cap market space.
"June 22, 2020",2020,added,BBBY,Bed Bath & Beyond,SP600SmallCap,BBBY replaced STRA which was no longer representative of the small-cap market space.
"June 22, 2020",2020,removed,STRA,"Strategic Education, Inc.",SP600SmallCap,BBBY replaced STRA which was no longer representative of the small-cap market space.
"June 22, 2020",2020,added,MTDR,Matador Resources,SP600SmallCap,MTDR replaced QLYS which was no longer representative of the small-cap market space.
"June 22, 2020",2020,removed,QLYS,Qualys,SP600SmallCap,MTDR replaced QLYS which was no longer representative of the small-cap market space.
"June 22, 2020",2020,added,MDRX,Allscripts Healthcare Solutions,SP600SmallCap,MDRX replaced GBCI which was no longer representative of the small-cap market space.
"June 22, 2020",2020,removed,GBCI,Glacier Bancorp,SP600SmallCap,MDRX replaced GBCI which was no longer representative of the small-cap market space.
"June 1, 2020",2020,added,DHC,Diversified Healthcare Trust,SP600SmallCap,DHC replaced FG as FGL Holdings was acquired by Fidelity National Financial.
"June 1, 2020",2020,removed,FG,FGL Holdings,SP600SmallCap,DHC replaced FG as FGL Holdings was acquired by Fidelity National Financial.
"June 1, 2020",2020,added,SLP,Simulations Plus,SP600SmallCap,SLP replaced TIVO as TiVo Inc. was acquired by Xperi.
"June 1, 2020",2020,removed,TIVO,TiVo Inc.,SP600SmallCap,SLP replaced TIVO as TiVo Inc. was acquired by Xperi.
"June 1, 2020",2020,added,PLMR,Palomar Holdings,SP600SmallCap,PLMR replaced LXU which was no longer representative of the small-cap market space.
"June 1, 2020",2020,removed,LXU,LSB Industries,SP600SmallCap,PLMR replaced LXU which was no longer representative of the small-cap market space.
"June 1, 2020",2020,added,CHRS,Coherus Biosciences,SP600SmallCap,CHRS replaced OPB as Opus Bank was acquired by Pacific Premier Bancorp.
"June 1, 2020",2020,removed,OPB,Opus Bank,SP600SmallCap,CHRS replaced OPB as Opus Bank was acquired by Pacific Premier Bancorp.
"June 1, 2020",2020,added,PTEN,Patterson-UTI Energy,SP600SmallCap,PTEN replaced NE which was no longer representative of the small-cap market space.
"June 1, 2020",2020,removed,NE,Noble Corporation,SP600SmallCap,PTEN replaced NE which was no longer representative of the small-cap market space.
"May 22, 2020",2020,added,HP,Helmerich & Payne,SP600SmallCap,HP replaced JCP which filed for Chapter 11 bankruptcy.
"May 22, 2020",2020,removed,JCP,JCPenney,SP600SmallCap,HP replaced JCP which filed for Chapter 11 bankruptcy.
"May 12, 2020",2020,added,CPRI,Capri Holdings,SP600SmallCap,CPRI replaced ACOR which was no longer representative of the small-cap market space.
"May 12, 2020",2020,removed,ACOR,Acorda Therapeutics,SP600SmallCap,CPRI replaced ACOR which was no longer representative of the small-cap market space.
"May 1, 2020",2020,added,CLB,Core Laboratories,SP600SmallCap,CLB replaced AKRX which filed for Chapter 11 bankruptcy.
"May 1, 2020",2020,removed,AKRX,Akorn,SP600SmallCap,CLB replaced AKRX which filed for Chapter 11 bankruptcy.
"May 1, 2020",2020,added,MDP,Meredith Corporation,SP600SmallCap,MDP replaced DO which filed for Chapter 11 bankruptcy.
"May 1, 2020",2020,removed,DO,Diamond Offshore Drilling,SP600SmallCap,MDP replaced DO which filed for Chapter 11 bankruptcy.
"April 17, 2020",2020,added,YETI,YETI Holdings,SP600SmallCap,YETI replaced LHCG which was no longer representative of the small-cap market space.
"April 17, 2020",2020,removed,LHCG,LHC Group,SP600SmallCap,YETI replaced LHCG which was no longer representative of the small-cap market space.
"February 13, 2020",2020,added,ALEX,Alexander & Baldwin,SP600SmallCap,ALEX replaced DPLO as Diplomat Pharmacy was acquired by UnitedHealth Group.
"February 13, 2020",2020,removed,DPLO,Diplomat Pharmacy,SP600SmallCap,ALEX replaced DPLO as Diplomat Pharmacy was acquired by UnitedHealth Group.
"February 13, 2020",2020,added,CRMT,America's Car-Mart,SP600SmallCap,CRMT replaced CRCM as Care.com was acquired by IAC.
"February 13, 2020",2020,removed,CRCM,Care.com,SP600SmallCap,CRMT replaced CRCM as Care.com was acquired by IAC.
"February 6, 2020",2020,added,GDOT,Green Dot Corporation,SP600SmallCap,GDOT replaced WLH as William Lyon Homes was acquired by Taylor Morrison.
"February 6, 2020",2020,removed,WLH,William Lyon Homes,SP600SmallCap,GDOT replaced WLH as William Lyon Homes was acquired by Taylor Morrison.
"February 4, 2020",2020,added,RUN,Sunrun,SP600SmallCap,RUN replaced DAR which was no longer representative of the small-cap market space.
"February 4, 2020",2020,removed,DAR,Darling Ingredients,SP600SmallCap,RUN replaced DAR which was no longer representative of the small-cap market space.
"January 27, 2020",2020,added,SKT,Tanger Factory Outlet Centers,SP600SmallCap,SKT replaced MDR which filed for Chapter 11 bankruptcy.
"January 27, 2020",2020,removed,MDR,McDermott International,SP600SmallCap,SKT replaced MDR which filed for Chapter 11 bankruptcy.
"January 2, 2020",2020,added,FBM,Foundation Building Materials,SP600SmallCap,FBM replaced RH which was no longer representative of the small-cap market space.
"January 2, 2020",2020,removed,RH,RH,SP600SmallCap,FBM replaced RH which was no longer representative of the small-cap market space.
"December 23, 2019",2019,added,UNIT,Uniti Group,SP600SmallCap,UNIT replaced CRZO as Carrizo Oil & Gas was acquired by Callon Petroleum Company.
"December 23, 2019",2019,removed,CRZO,Carrizo Oil & Gas,SP600SmallCap,UNIT replaced CRZO as Carrizo Oil & Gas was acquired by Callon Petroleum Company.
"December 23, 2019",2019,added,OAS,Oasis Petroleum,SP600SmallCap,OAS replaced UNIT which was no longer representative of the small-cap market space.
"December 23, 2019",2019,removed,UNIT,Unit Corp,SP600SmallCap,OAS replaced UNIT which was no longer representative of the small-cap market space.
"December 23, 2019",2019,added,SWN,Southwestern Energy,SP600SmallCap,SWN replaced FTR which was no longer representative of the small-cap market space.
"December 23, 2019",2019,removed,FTR,Frontier Communications,SP600SmallCap,SWN replaced FTR which was no longer representative of the small-cap market space.
"December 17, 2019",2019,added,PLT,Plantronics,SP600SmallCap,PLT replaced VSI as Vitamin Shoppe was acquired by Franchise Group.
"December 17, 2019",2019,removed,VSI,Vitamin Shoppe,SP600SmallCap,PLT replaced VSI as Vitamin Shoppe was acquired by Franchise Group.
